Timestamp, upperLink1, upperLink2, upperLink3, upperLink4, lowerLink1, lowerLink2, lowerLink3, lowerLink4, gripUpperR, gripUpperL, gripLowerR, gripLowerL
0.1, -0.2035403, 0.3251548, 0.07448716, -0.00832522, 0.2936691, -0.356309, 0.1041504, 0.003071779, 0.02796772, -0.02621844, 0.02830164, -0.02753799, 
0.2, -0.2035403, 0.3251548, 0.07448716, -0.00832522, 0.2936691, -0.356309, 0.1041504, 0.003071779, 0.02796772, -0.02621844, 0.02830164, -0.02753799, 
0.3, -0.7099651, 0.7604923, 0.1435721, 0.01103048, 0.6765245, -0.7248527, 0.1800012, 0.02113594, 0.04893338, -0.05408364, 0.03930773, -0.05500001, 
0.4, -0.6949901, 0.7631801, 0.1398739, 0.005846853, 0.7089702, -0.721938, 0.1687251, 0.005166175, 0.0515117, -0.05500003, 0.05158442, -0.0506475, 
0.5, -0.7657283, 0.7909657, 0.1488838, 0.00280998, 0.7017096, -0.7437197, 0.1777955, 0.008133234, 0.05383867, -0.05485125, 0.05022333, -0.05500003, 
0.6, -0.7657283, 0.7909657, 0.1488838, 0.00280998, 0.7017096, -0.7437197, 0.1777955, 0.008133234, 0.05383867, -0.05485125, 0.05022333, -0.05500003, 
0.7, -0.7657283, 0.7909657, 0.1488838, 0.00280998, 0.7017096, -0.7437197, 0.1777955, 0.008133234, 0.05383867, -0.05485125, 0.05022333, -0.05500003, 
0.8000001, -0.7657283, 0.7909657, 0.1488838, 0.00280998, 0.7017096, -0.7437197, 0.1777955, 0.008133234, 0.05383867, -0.05485125, 0.05022333, -0.05500003, 
0.9000001, -0.7657283, 0.7909657, 0.1488838, 0.00280998, 0.7017096, -0.7437197, 0.1777955, 0.008133234, 0.05383867, -0.05485125, 0.05022333, -0.05500003, 
1, -0.7657283, 0.7909657, 0.1488838, 0.00280998, 0.7017096, -0.7437197, 0.1777955, 0.008133234, 0.05383867, -0.05485125, 0.05022333, -0.05500003, 
1.1, -0.7657283, 0.7909657, 0.1488838, 0.00280998, 0.7017096, -0.7437197, 0.1777955, 0.008133234, 0.05383867, -0.05485125, 0.05022333, -0.05500003, 
1.2, -0.7657283, 0.7909657, 0.1488838, 0.00280998, 0.7017096, -0.7437197, 0.1777955, 0.008133234, 0.05383867, -0.05485125, 0.05022333, -0.05500003, 
1.3, -0.7657283, 0.7909657, 0.1488838, 0.00280998, 0.7017096, -0.7437197, 0.1777955, 0.008133234, 0.05383867, -0.05485125, 0.05022333, -0.05500003, 
1.4, -0.7657283, 0.7909657, 0.1488838, 0.00280998, 0.7017096, -0.7437197, 0.1777955, 0.008133234, 0.05383867, -0.05485125, 0.05022333, -0.05500003, 
1.5, -0.7657283, 0.7909657, 0.1488838, 0.00280998, 0.7017096, -0.7437197, 0.1777955, 0.008133234, 0.05383867, -0.05485125, 0.05022333, -0.05500003, 
1.6, -0.7657283, 0.7909657, 0.1488838, 0.00280998, 0.7017096, -0.7437197, 0.1777955, 0.008133234, 0.05383867, -0.05485125, 0.05022333, -0.05500003, 
1.7, -0.7657283, 0.7909657, 0.1488838, 0.00280998, 0.7017096, -0.7437197, 0.1777955, 0.008133234, 0.05383867, -0.05485125, 0.05022333, -0.05500003, 
1.8, -0.7657283, 0.7909657, 0.1488838, 0.00280998, 0.7017096, -0.7437197, 0.1777955, 0.008133234, 0.05383867, -0.05485125, 0.05022333, -0.05500003, 
1.9, -0.7657283, 0.7909657, 0.1488838, 0.00280998, 0.7017096, -0.7437197, 0.1777955, 0.008133234, 0.05383867, -0.05485125, 0.05022333, -0.05500003, 
2, -0.7657283, 0.7909657, 0.1488838, 0.00280998, 0.7017096, -0.7437197, 0.1777955, 0.008133234, 0.05383867, -0.05485125, 0.05022333, -0.05500003, 
2.1, -0.7605273, 0.7893251, 0.1499998, -0.004485496, 0.7448018, -0.7763748, 0.1800011, -0.00699877, 0.05500005, -0.05302095, 0.05173288, -0.05499996, 
2.2, -0.7605273, 0.7893251, 0.1499998, -0.004485496, 0.7448018, -0.7763748, 0.1800011, -0.00699877, 0.05500005, -0.05302095, 0.05173288, -0.05499996, 
2.3, -0.7605273, 0.7893251, 0.1499998, -0.004485496, 0.7448018, -0.7763748, 0.1800011, -0.00699877, 0.05500005, -0.05302095, 0.05173288, -0.05499996, 
2.4, -0.7605273, 0.7893251, 0.1499998, -0.004485496, 0.7448018, -0.7763748, 0.1800011, -0.00699877, 0.05500005, -0.05302095, 0.05173288, -0.05499996, 
2.5, -0.7605273, 0.7893251, 0.1499998, -0.004485496, 0.7448018, -0.7763748, 0.1800011, -0.00699877, 0.05500005, -0.05302095, 0.05173288, -0.05499996, 
2.6, -0.7605273, 0.7893251, 0.1499998, -0.004485496, 0.7448018, -0.7763748, 0.1800011, -0.00699877, 0.05500005, -0.05302095, 0.05173288, -0.05499996, 
2.7, -0.7605273, 0.7893251, 0.1499998, -0.004485496, 0.7448018, -0.7763748, 0.1800011, -0.00699877, 0.05500005, -0.05302095, 0.05173288, -0.05499996, 
2.799999, -0.7605273, 0.7893251, 0.1499998, -0.004485496, 0.7448018, -0.7763748, 0.1800011, -0.00699877, 0.05500005, -0.05302095, 0.05173288, -0.05499996, 
2.899999, -0.7605273, 0.7893251, 0.1499998, -0.004485496, 0.7448018, -0.7763748, 0.1800011, -0.00699877, 0.05500005, -0.05302095, 0.05173288, -0.05499996, 
2.999999, -0.7605273, 0.7893251, 0.1499998, -0.004485496, 0.7448018, -0.7763748, 0.1800011, -0.00699877, 0.05500005, -0.05302095, 0.05173288, -0.05499996, 
3.099999, -0.7605273, 0.7893251, 0.1499998, -0.004485496, 0.7448018, -0.7763748, 0.1800011, -0.00699877, 0.05500005, -0.05302095, 0.05173288, -0.05499996, 
3.199999, -0.7605273, 0.7893251, 0.1499998, -0.004485496, 0.7448018, -0.7763748, 0.1800011, -0.00699877, 0.05500005, -0.05302095, 0.05173288, -0.05499996, 
3.299999, -0.7605273, 0.7893251, 0.1499998, -0.004485496, 0.7448018, -0.7763748, 0.1800011, -0.00699877, 0.05500005, -0.05302095, 0.05173288, -0.05499996, 
3.399999, -0.7605273, 0.7893251, 0.1499998, -0.004485496, 0.7448018, -0.7763748, 0.1800011, -0.00699877, 0.05500005, -0.05302095, 0.05173288, -0.05499996, 
3.499999, -0.7607017, 0.8014028, 0.1500001, 0.004101524, 0.7725351, -0.7919955, 0.1792399, -0.0275762, 0.05499994, -0.05220871, 0.05327995, -0.05500004, 
3.599999, -0.7607017, 0.8014028, 0.1500001, 0.004101524, 0.7725351, -0.7919955, 0.1792399, -0.0275762, 0.05499994, -0.05220871, 0.05327995, -0.05500004, 
3.699999, -0.7607017, 0.8014028, 0.1500001, 0.004101524, 0.7725351, -0.7919955, 0.1792399, -0.0275762, 0.05499994, -0.05220871, 0.05327995, -0.05500004, 
3.799999, -0.7607017, 0.8014028, 0.1500001, 0.004101524, 0.7725351, -0.7919955, 0.1792399, -0.0275762, 0.05499994, -0.05220871, 0.05327995, -0.05500004, 
3.899998, -0.7607017, 0.8014028, 0.1500001, 0.004101524, 0.7725351, -0.7919955, 0.1792399, -0.0275762, 0.05499994, -0.05220871, 0.05327995, -0.05500004, 
3.999998, -0.7607017, 0.8014028, 0.1500001, 0.004101524, 0.7725351, -0.7919955, 0.1792399, -0.0275762, 0.05499994, -0.05220871, 0.05327995, -0.05500004, 
4.099998, -0.7607017, 0.8014028, 0.1500001, 0.004101524, 0.7725351, -0.7919955, 0.1792399, -0.0275762, 0.05499994, -0.05220871, 0.05327995, -0.05500004, 
4.199998, -0.7607017, 0.8014028, 0.1500001, 0.004101524, 0.7725351, -0.7919955, 0.1792399, -0.0275762, 0.05499994, -0.05220871, 0.05327995, -0.05500004, 
4.299998, -0.7607017, 0.8014028, 0.1500001, 0.004101524, 0.7725351, -0.7919955, 0.1792399, -0.0275762, 0.05499994, -0.05220871, 0.05327995, -0.05500004, 
4.399998, -0.7607017, 0.8014028, 0.1500001, 0.004101524, 0.7725351, -0.7919955, 0.1792399, -0.0275762, 0.05499994, -0.05220871, 0.05327995, -0.05500004, 
4.499998, -0.7607017, 0.8014028, 0.1500001, 0.004101524, 0.7725351, -0.7919955, 0.1792399, -0.0275762, 0.05499994, -0.05220871, 0.05327995, -0.05500004, 
4.599998, -0.7607017, 0.8014028, 0.1500001, 0.004101524, 0.7725351, -0.7919955, 0.1792399, -0.0275762, 0.05499994, -0.05220871, 0.05327995, -0.05500004, 
4.699998, -0.7607017, 0.8014028, 0.1500001, 0.004101524, 0.7725351, -0.7919955, 0.1792399, -0.0275762, 0.05499994, -0.05220871, 0.05327995, -0.05500004, 
4.799998, -0.7607017, 0.8014028, 0.1500001, 0.004101524, 0.7725351, -0.7919955, 0.1792399, -0.0275762, 0.05499994, -0.05220871, 0.05327995, -0.05500004, 
4.899998, -0.8682315, 0.8741481, 0.1500001, 0.04349361, 0.763215, -0.8097455, 0.1800012, -0.02247984, 0.05149509, -0.05500002, 0.03591157, -0.05499998, 
4.999998, -0.8682315, 0.8741481, 0.1500001, 0.04349361, 0.763215, -0.8097455, 0.1800012, -0.02247984, 0.05149509, -0.05500002, 0.03591157, -0.05499998, 
5.099998, -0.8682315, 0.8741481, 0.1500001, 0.04349361, 0.763215, -0.8097455, 0.1800012, -0.02247984, 0.05149509, -0.05500002, 0.03591157, -0.05499998, 
5.199997, -0.8682315, 0.8741481, 0.1500001, 0.04349361, 0.763215, -0.8097455, 0.1800012, -0.02247984, 0.05149509, -0.05500002, 0.03591157, -0.05499998, 
5.299997, -0.8682315, 0.8741481, 0.1500001, 0.04349361, 0.763215, -0.8097455, 0.1800012, -0.02247984, 0.05149509, -0.05500002, 0.03591157, -0.05499998, 
5.399997, -0.8682315, 0.8741481, 0.1500001, 0.04349361, 0.763215, -0.8097455, 0.1800012, -0.02247984, 0.05149509, -0.05500002, 0.03591157, -0.05499998, 
5.499997, -0.8682315, 0.8741481, 0.1500001, 0.04349361, 0.763215, -0.8097455, 0.1800012, -0.02247984, 0.05149509, -0.05500002, 0.03591157, -0.05499998, 
5.599997, -0.8682315, 0.8741481, 0.1500001, 0.04349361, 0.763215, -0.8097455, 0.1800012, -0.02247984, 0.05149509, -0.05500002, 0.03591157, -0.05499998, 
5.699997, -0.8682315, 0.8741481, 0.1500001, 0.04349361, 0.763215, -0.8097455, 0.1800012, -0.02247984, 0.05149509, -0.05500002, 0.03591157, -0.05499998, 
5.799997, -0.8682315, 0.8741481, 0.1500001, 0.04349361, 0.763215, -0.8097455, 0.1800012, -0.02247984, 0.05149509, -0.05500002, 0.03591157, -0.05499998, 
5.899997, -0.8682315, 0.8741481, 0.1500001, 0.04349361, 0.763215, -0.8097455, 0.1800012, -0.02247984, 0.05149509, -0.05500002, 0.03591157, -0.05499998, 
5.999997, -0.8682315, 0.8741481, 0.1500001, 0.04349361, 0.763215, -0.8097455, 0.1800012, -0.02247984, 0.05149509, -0.05500002, 0.03591157, -0.05499998, 
6.099997, -0.8682315, 0.8741481, 0.1500001, 0.04349361, 0.763215, -0.8097455, 0.1800012, -0.02247984, 0.05149509, -0.05500002, 0.03591157, -0.05499998, 
6.199996, -0.8682315, 0.8741481, 0.1500001, 0.04349361, 0.763215, -0.8097455, 0.1800012, -0.02247984, 0.05149509, -0.05500002, 0.03591157, -0.05499998, 
6.299996, -0.8682315, 0.8741481, 0.1500001, 0.04349361, 0.763215, -0.8097455, 0.1800012, -0.02247984, 0.05149509, -0.05500002, 0.03591157, -0.05499998, 
6.399996, -0.8239699, 0.8665735, 0.1500001, 0.05532694, 0.7931648, -0.8120668, 0.1775522, -0.05951573, 0.05423765, -0.05401264, 0.04581042, -0.05458195, 
6.499996, -0.8239699, 0.8665735, 0.1500001, 0.05532694, 0.7931648, -0.8120668, 0.1775522, -0.05951573, 0.05423765, -0.05401264, 0.04581042, -0.05458195, 
6.599996, -0.8239699, 0.8665735, 0.1500001, 0.05532694, 0.7931648, -0.8120668, 0.1775522, -0.05951573, 0.05423765, -0.05401264, 0.04581042, -0.05458195, 
6.699996, -0.8239699, 0.8665735, 0.1500001, 0.05532694, 0.7931648, -0.8120668, 0.1775522, -0.05951573, 0.05423765, -0.05401264, 0.04581042, -0.05458195, 
6.799996, -0.8239699, 0.8665735, 0.1500001, 0.05532694, 0.7931648, -0.8120668, 0.1775522, -0.05951573, 0.05423765, -0.05401264, 0.04581042, -0.05458195, 
6.899996, -0.8239699, 0.8665735, 0.1500001, 0.05532694, 0.7931648, -0.8120668, 0.1775522, -0.05951573, 0.05423765, -0.05401264, 0.04581042, -0.05458195, 
6.999996, -0.8239699, 0.8665735, 0.1500001, 0.05532694, 0.7931648, -0.8120668, 0.1775522, -0.05951573, 0.05423765, -0.05401264, 0.04581042, -0.05458195, 
7.099996, -0.8239699, 0.8665735, 0.1500001, 0.05532694, 0.7931648, -0.8120668, 0.1775522, -0.05951573, 0.05423765, -0.05401264, 0.04581042, -0.05458195, 
7.199996, -0.8239699, 0.8665735, 0.1500001, 0.05532694, 0.7931648, -0.8120668, 0.1775522, -0.05951573, 0.05423765, -0.05401264, 0.04581042, -0.05458195, 
7.299995, -0.8239699, 0.8665735, 0.1500001, 0.05532694, 0.7931648, -0.8120668, 0.1775522, -0.05951573, 0.05423765, -0.05401264, 0.04581042, -0.05458195, 
7.399995, -0.8239699, 0.8665735, 0.1500001, 0.05532694, 0.7931648, -0.8120668, 0.1775522, -0.05951573, 0.05423765, -0.05401264, 0.04581042, -0.05458195, 
7.499995, -0.8239699, 0.8665735, 0.1500001, 0.05532694, 0.7931648, -0.8120668, 0.1775522, -0.05951573, 0.05423765, -0.05401264, 0.04581042, -0.05458195, 
7.599995, -0.8239699, 0.8665735, 0.1500001, 0.05532694, 0.7931648, -0.8120668, 0.1775522, -0.05951573, 0.05423765, -0.05401264, 0.04581042, -0.05458195, 
7.699995, -0.8239699, 0.8665735, 0.1500001, 0.05532694, 0.7931648, -0.8120668, 0.1775522, -0.05951573, 0.05423765, -0.05401264, 0.04581042, -0.05458195, 
7.799995, -0.832557, 0.8663117, 0.1499999, 0.07014478, 0.8024675, -0.8379325, 0.179254, -0.09028588, 0.05500002, -0.05247369, 0.05039793, -0.05491562, 
7.899995, -0.832557, 0.8663117, 0.1499999, 0.07014478, 0.8024675, -0.8379325, 0.179254, -0.09028588, 0.05500002, -0.05247369, 0.05039793, -0.05491562, 
7.999995, -0.832557, 0.8663117, 0.1499999, 0.07014478, 0.8024675, -0.8379325, 0.179254, -0.09028588, 0.05500002, -0.05247369, 0.05039793, -0.05491562, 
8.099995, -0.832557, 0.8663117, 0.1499999, 0.07014478, 0.8024675, -0.8379325, 0.179254, -0.09028588, 0.05500002, -0.05247369, 0.05039793, -0.05491562, 
8.199995, -0.832557, 0.8663117, 0.1499999, 0.07014478, 0.8024675, -0.8379325, 0.179254, -0.09028588, 0.05500002, -0.05247369, 0.05039793, -0.05491562, 
8.299995, -0.832557, 0.8663117, 0.1499999, 0.07014478, 0.8024675, -0.8379325, 0.179254, -0.09028588, 0.05500002, -0.05247369, 0.05039793, -0.05491562, 
8.399996, -0.832557, 0.8663117, 0.1499999, 0.07014478, 0.8024675, -0.8379325, 0.179254, -0.09028588, 0.05500002, -0.05247369, 0.05039793, -0.05491562, 
8.499996, -0.832557, 0.8663117, 0.1499999, 0.07014478, 0.8024675, -0.8379325, 0.179254, -0.09028588, 0.05500002, -0.05247369, 0.05039793, -0.05491562, 
8.599997, -0.832557, 0.8663117, 0.1499999, 0.07014478, 0.8024675, -0.8379325, 0.179254, -0.09028588, 0.05500002, -0.05247369, 0.05039793, -0.05491562, 
8.699997, -0.832557, 0.8663117, 0.1499999, 0.07014478, 0.8024675, -0.8379325, 0.179254, -0.09028588, 0.05500002, -0.05247369, 0.05039793, -0.05491562, 
8.799997, -0.832557, 0.8663117, 0.1499999, 0.07014478, 0.8024675, -0.8379325, 0.179254, -0.09028588, 0.05500002, -0.05247369, 0.05039793, -0.05491562, 
8.899998, -0.832557, 0.8663117, 0.1499999, 0.07014478, 0.8024675, -0.8379325, 0.179254, -0.09028588, 0.05500002, -0.05247369, 0.05039793, -0.05491562, 
8.999998, -0.832557, 0.8663117, 0.1499999, 0.07014478, 0.8024675, -0.8379325, 0.179254, -0.09028588, 0.05500002, -0.05247369, 0.05039793, -0.05491562, 
9.099998, -0.832557, 0.8663117, 0.1499999, 0.07014478, 0.8024675, -0.8379325, 0.179254, -0.09028588, 0.05500002, -0.05247369, 0.05039793, -0.05491562, 
9.199999, -0.832557, 0.8663117, 0.1499999, 0.07014478, 0.8024675, -0.8379325, 0.179254, -0.09028588, 0.05500002, -0.05247369, 0.05039793, -0.05491562, 
9.299999, -0.8310909, 0.8819672, 0.1500001, 0.08833111, 0.8395209, -0.8728391, 0.1800013, -0.1350885, 0.055, -0.05089416, 0.05237756, -0.055, 
9.4, -0.8310909, 0.8819672, 0.1500001, 0.08833111, 0.8395209, -0.8728391, 0.1800013, -0.1350885, 0.055, -0.05089416, 0.05237756, -0.055, 
9.5, -0.8310909, 0.8819672, 0.1500001, 0.08833111, 0.8395209, -0.8728391, 0.1800013, -0.1350885, 0.055, -0.05089416, 0.05237756, -0.055, 
9.6, -0.8310909, 0.8819672, 0.1500001, 0.08833111, 0.8395209, -0.8728391, 0.1800013, -0.1350885, 0.055, -0.05089416, 0.05237756, -0.055, 
9.700001, -0.8310909, 0.8819672, 0.1500001, 0.08833111, 0.8395209, -0.8728391, 0.1800013, -0.1350885, 0.055, -0.05089416, 0.05237756, -0.055, 
9.800001, -0.8310909, 0.8819672, 0.1500001, 0.08833111, 0.8395209, -0.8728391, 0.1800013, -0.1350885, 0.055, -0.05089416, 0.05237756, -0.055, 
9.900002, -0.8310909, 0.8819672, 0.1500001, 0.08833111, 0.8395209, -0.8728391, 0.1800013, -0.1350885, 0.055, -0.05089416, 0.05237756, -0.055, 
10, -0.8310909, 0.8819672, 0.1500001, 0.08833111, 0.8395209, -0.8728391, 0.1800013, -0.1350885, 0.055, -0.05089416, 0.05237756, -0.055, 
10.1, -0.8310909, 0.8819672, 0.1500001, 0.08833111, 0.8395209, -0.8728391, 0.1800013, -0.1350885, 0.055, -0.05089416, 0.05237756, -0.055, 
10.2, -0.8310909, 0.8819672, 0.1500001, 0.08833111, 0.8395209, -0.8728391, 0.1800013, -0.1350885, 0.055, -0.05089416, 0.05237756, -0.055, 
10.3, -0.8310909, 0.8819672, 0.1500001, 0.08833111, 0.8395209, -0.8728391, 0.1800013, -0.1350885, 0.055, -0.05089416, 0.05237756, -0.055, 
10.4, -0.8310909, 0.8819672, 0.1500001, 0.08833111, 0.8395209, -0.8728391, 0.1800013, -0.1350885, 0.055, -0.05089416, 0.05237756, -0.055, 
10.5, -0.8310909, 0.8819672, 0.1500001, 0.08833111, 0.8395209, -0.8728391, 0.1800013, -0.1350885, 0.055, -0.05089416, 0.05237756, -0.055, 
10.6, -0.8310909, 0.8819672, 0.1500001, 0.08833111, 0.8395209, -0.8728391, 0.1800013, -0.1350885, 0.055, -0.05089416, 0.05237756, -0.055, 
10.7, -0.8025373, 0.8694533, 0.1423484, 0.1131672, 0.8589987, -0.8851263, 0.1664429, -0.1964717, 0.05500002, -0.05123049, 0.05500009, -0.04667373, 
10.8, -0.8025373, 0.8694533, 0.1423484, 0.1131672, 0.8589987, -0.8851263, 0.1664429, -0.1964717, 0.05500002, -0.05123049, 0.05500009, -0.04667373, 
10.90001, -0.8025373, 0.8694533, 0.1423484, 0.1131672, 0.8589987, -0.8851263, 0.1664429, -0.1964717, 0.05500002, -0.05123049, 0.05500009, -0.04667373, 
11.00001, -0.8025373, 0.8694533, 0.1423484, 0.1131672, 0.8589987, -0.8851263, 0.1664429, -0.1964717, 0.05500002, -0.05123049, 0.05500009, -0.04667373, 
11.10001, -0.8025373, 0.8694533, 0.1423484, 0.1131672, 0.8589987, -0.8851263, 0.1664429, -0.1964717, 0.05500002, -0.05123049, 0.05500009, -0.04667373, 
11.20001, -0.8025373, 0.8694533, 0.1423484, 0.1131672, 0.8589987, -0.8851263, 0.1664429, -0.1964717, 0.05500002, -0.05123049, 0.05500009, -0.04667373, 
11.30001, -0.8025373, 0.8694533, 0.1423484, 0.1131672, 0.8589987, -0.8851263, 0.1664429, -0.1964717, 0.05500002, -0.05123049, 0.05500009, -0.04667373, 
11.40001, -0.8025373, 0.8694533, 0.1423484, 0.1131672, 0.8589987, -0.8851263, 0.1664429, -0.1964717, 0.05500002, -0.05123049, 0.05500009, -0.04667373, 
11.50001, -0.8025373, 0.8694533, 0.1423484, 0.1131672, 0.8589987, -0.8851263, 0.1664429, -0.1964717, 0.05500002, -0.05123049, 0.05500009, -0.04667373, 
11.60001, -0.8025373, 0.8694533, 0.1423484, 0.1131672, 0.8589987, -0.8851263, 0.1664429, -0.1964717, 0.05500002, -0.05123049, 0.05500009, -0.04667373, 
11.70001, -0.8025373, 0.8694533, 0.1423484, 0.1131672, 0.8589987, -0.8851263, 0.1664429, -0.1964717, 0.05500002, -0.05123049, 0.05500009, -0.04667373, 
11.80001, -0.8025373, 0.8694533, 0.1423484, 0.1131672, 0.8589987, -0.8851263, 0.1664429, -0.1964717, 0.05500002, -0.05123049, 0.05500009, -0.04667373, 
11.90001, -0.8025373, 0.8694533, 0.1423484, 0.1131672, 0.8589987, -0.8851263, 0.1664429, -0.1964717, 0.05500002, -0.05123049, 0.05500009, -0.04667373, 
12.00001, -0.8025373, 0.8694533, 0.1423484, 0.1131672, 0.8589987, -0.8851263, 0.1664429, -0.1964717, 0.05500002, -0.05123049, 0.05500009, -0.04667373, 
12.10001, -0.8025373, 0.8694533, 0.1423484, 0.1131672, 0.8589987, -0.8851263, 0.1664429, -0.1964717, 0.05500002, -0.05123049, 0.05500009, -0.04667373, 
12.20001, -0.8468338, 0.86598, 0.1298266, 0.1867851, 0.8361872, -0.8998743, 0.1693196, -0.2365968, 0.0425721, -0.05500003, 0.04441594, -0.05499999, 
12.30001, -0.8468338, 0.86598, 0.1298266, 0.1867851, 0.8361872, -0.8998743, 0.1693196, -0.2365968, 0.0425721, -0.05500003, 0.04441594, -0.05499999, 
12.40001, -0.8468338, 0.86598, 0.1298266, 0.1867851, 0.8361872, -0.8998743, 0.1693196, -0.2365968, 0.0425721, -0.05500003, 0.04441594, -0.05499999, 
12.50001, -0.8468338, 0.86598, 0.1298266, 0.1867851, 0.8361872, -0.8998743, 0.1693196, -0.2365968, 0.0425721, -0.05500003, 0.04441594, -0.05499999, 
12.60001, -0.8468338, 0.86598, 0.1298266, 0.1867851, 0.8361872, -0.8998743, 0.1693196, -0.2365968, 0.0425721, -0.05500003, 0.04441594, -0.05499999, 
12.70001, -0.8468338, 0.86598, 0.1298266, 0.1867851, 0.8361872, -0.8998743, 0.1693196, -0.2365968, 0.0425721, -0.05500003, 0.04441594, -0.05499999, 
12.80001, -0.8468338, 0.86598, 0.1298266, 0.1867851, 0.8361872, -0.8998743, 0.1693196, -0.2365968, 0.0425721, -0.05500003, 0.04441594, -0.05499999, 
12.90001, -0.8468338, 0.86598, 0.1298266, 0.1867851, 0.8361872, -0.8998743, 0.1693196, -0.2365968, 0.0425721, -0.05500003, 0.04441594, -0.05499999, 
13.00001, -0.8468338, 0.86598, 0.1298266, 0.1867851, 0.8361872, -0.8998743, 0.1693196, -0.2365968, 0.0425721, -0.05500003, 0.04441594, -0.05499999, 
13.10001, -0.8468338, 0.86598, 0.1298266, 0.1867851, 0.8361872, -0.8998743, 0.1693196, -0.2365968, 0.0425721, -0.05500003, 0.04441594, -0.05499999, 
13.20001, -0.8468338, 0.86598, 0.1298266, 0.1867851, 0.8361872, -0.8998743, 0.1693196, -0.2365968, 0.0425721, -0.05500003, 0.04441594, -0.05499999, 
13.30001, -0.8468338, 0.86598, 0.1298266, 0.1867851, 0.8361872, -0.8998743, 0.1693196, -0.2365968, 0.0425721, -0.05500003, 0.04441594, -0.05499999, 
13.40001, -0.8468338, 0.86598, 0.1298266, 0.1867851, 0.8361872, -0.8998743, 0.1693196, -0.2365968, 0.0425721, -0.05500003, 0.04441594, -0.05499999, 
13.50002, -0.8468338, 0.86598, 0.1298266, 0.1867851, 0.8361872, -0.8998743, 0.1693196, -0.2365968, 0.0425721, -0.05500003, 0.04441594, -0.05499999, 
13.60002, -0.8350877, 0.9017593, 0.1366981, 0.1997355, 0.8880933, -0.9453402, 0.1674883, -0.3193254, 0.04831525, -0.05499995, 0.05464323, -0.05001931, 
13.70002, -0.8350877, 0.9017593, 0.1366981, 0.1997355, 0.8880933, -0.9453402, 0.1674883, -0.3193254, 0.04831525, -0.05499995, 0.05464323, -0.05001931, 
13.80002, -0.8350877, 0.9017593, 0.1366981, 0.1997355, 0.8880933, -0.9453402, 0.1674883, -0.3193254, 0.04831525, -0.05499995, 0.05464323, -0.05001931, 
13.90002, -0.8350877, 0.9017593, 0.1366981, 0.1997355, 0.8880933, -0.9453402, 0.1674883, -0.3193254, 0.04831525, -0.05499995, 0.05464323, -0.05001931, 
14.00002, -0.8350877, 0.9017593, 0.1366981, 0.1997355, 0.8880933, -0.9453402, 0.1674883, -0.3193254, 0.04831525, -0.05499995, 0.05464323, -0.05001931, 
14.10002, -0.8350877, 0.9017593, 0.1366981, 0.1997355, 0.8880933, -0.9453402, 0.1674883, -0.3193254, 0.04831525, -0.05499995, 0.05464323, -0.05001931, 
14.20002, -0.8350877, 0.9017593, 0.1366981, 0.1997355, 0.8880933, -0.9453402, 0.1674883, -0.3193254, 0.04831525, -0.05499995, 0.05464323, -0.05001931, 
14.30002, -0.8350877, 0.9017593, 0.1366981, 0.1997355, 0.8880933, -0.9453402, 0.1674883, -0.3193254, 0.04831525, -0.05499995, 0.05464323, -0.05001931, 
14.40002, -0.8350877, 0.9017593, 0.1366981, 0.1997355, 0.8880933, -0.9453402, 0.1674883, -0.3193254, 0.04831525, -0.05499995, 0.05464323, -0.05001931, 
14.50002, -0.8350877, 0.9017593, 0.1366981, 0.1997355, 0.8880933, -0.9453402, 0.1674883, -0.3193254, 0.04831525, -0.05499995, 0.05464323, -0.05001931, 
14.60002, -0.8350877, 0.9017593, 0.1366981, 0.1997355, 0.8880933, -0.9453402, 0.1674883, -0.3193254, 0.04831525, -0.05499995, 0.05464323, -0.05001931, 
14.70002, -0.8350877, 0.9017593, 0.1366981, 0.1997355, 0.8880933, -0.9453402, 0.1674883, -0.3193254, 0.04831525, -0.05499995, 0.05464323, -0.05001931, 
14.80002, -0.8350877, 0.9017593, 0.1366981, 0.1997355, 0.8880933, -0.9453402, 0.1674883, -0.3193254, 0.04831525, -0.05499995, 0.05464323, -0.05001931, 
14.90002, -0.8350877, 0.9017593, 0.1366981, 0.1997355, 0.8880933, -0.9453402, 0.1674883, -0.3193254, 0.04831525, -0.05499995, 0.05464323, -0.05001931, 
15.00002, -0.849539, 0.9190205, 0.1419624, 0.2172237, 0.9295623, -1.011541, 0.1679186, -0.4074471, 0.05263813, -0.05434035, 0.055, -0.04600107, 
15.10002, -0.849539, 0.9190205, 0.1419624, 0.2172237, 0.9295623, -1.011541, 0.1679186, -0.4074471, 0.05263813, -0.05434035, 0.055, -0.04600107, 
15.20002, -0.849539, 0.9190205, 0.1419624, 0.2172237, 0.9295623, -1.011541, 0.1679186, -0.4074471, 0.05263813, -0.05434035, 0.055, -0.04600107, 
15.30002, -0.849539, 0.9190205, 0.1419624, 0.2172237, 0.9295623, -1.011541, 0.1679186, -0.4074471, 0.05263813, -0.05434035, 0.055, -0.04600107, 
15.40002, -0.849539, 0.9190205, 0.1419624, 0.2172237, 0.9295623, -1.011541, 0.1679186, -0.4074471, 0.05263813, -0.05434035, 0.055, -0.04600107, 
15.50002, -0.849539, 0.9190205, 0.1419624, 0.2172237, 0.9295623, -1.011541, 0.1679186, -0.4074471, 0.05263813, -0.05434035, 0.055, -0.04600107, 
15.60002, -0.849539, 0.9190205, 0.1419624, 0.2172237, 0.9295623, -1.011541, 0.1679186, -0.4074471, 0.05263813, -0.05434035, 0.055, -0.04600107, 
15.70002, -0.849539, 0.9190205, 0.1419624, 0.2172237, 0.9295623, -1.011541, 0.1679186, -0.4074471, 0.05263813, -0.05434035, 0.055, -0.04600107, 
15.80002, -0.849539, 0.9190205, 0.1419624, 0.2172237, 0.9295623, -1.011541, 0.1679186, -0.4074471, 0.05263813, -0.05434035, 0.055, -0.04600107, 
15.90002, -0.849539, 0.9190205, 0.1419624, 0.2172237, 0.9295623, -1.011541, 0.1679186, -0.4074471, 0.05263813, -0.05434035, 0.055, -0.04600107, 
16.00002, -0.849539, 0.9190205, 0.1419624, 0.2172237, 0.9295623, -1.011541, 0.1679186, -0.4074471, 0.05263813, -0.05434035, 0.055, -0.04600107, 
16.10003, -0.849539, 0.9190205, 0.1419624, 0.2172237, 0.9295623, -1.011541, 0.1679186, -0.4074471, 0.05263813, -0.05434035, 0.055, -0.04600107, 
16.20003, -0.849539, 0.9190205, 0.1419624, 0.2172237, 0.9295623, -1.011541, 0.1679186, -0.4074471, 0.05263813, -0.05434035, 0.055, -0.04600107, 
16.30003, -0.849539, 0.9190205, 0.1419624, 0.2172237, 0.9295623, -1.011541, 0.1679186, -0.4074471, 0.05263813, -0.05434035, 0.055, -0.04600107, 
16.40003, -0.849539, 0.9190205, 0.1419624, 0.2172237, 0.9295623, -1.011541, 0.1679186, -0.4074471, 0.05263813, -0.05434035, 0.055, -0.04600107, 
16.50003, -0.8441634, 0.9401041, 0.1435265, 0.2416583, 0.9831963, -1.075559, 0.1665873, -0.5031435, 0.05419452, -0.05428109, 0.05499995, -0.04263831, 
16.60003, -0.8441634, 0.9401041, 0.1435265, 0.2416583, 0.9831963, -1.075559, 0.1665873, -0.5031435, 0.05419452, -0.05428109, 0.05499995, -0.04263831, 
16.70003, -0.8441634, 0.9401041, 0.1435265, 0.2416583, 0.9831963, -1.075559, 0.1665873, -0.5031435, 0.05419452, -0.05428109, 0.05499995, -0.04263831, 
16.80003, -0.8441634, 0.9401041, 0.1435265, 0.2416583, 0.9831963, -1.075559, 0.1665873, -0.5031435, 0.05419452, -0.05428109, 0.05499995, -0.04263831, 
16.90003, -0.8441634, 0.9401041, 0.1435265, 0.2416583, 0.9831963, -1.075559, 0.1665873, -0.5031435, 0.05419452, -0.05428109, 0.05499995, -0.04263831, 
17.00003, -0.8441634, 0.9401041, 0.1435265, 0.2416583, 0.9831963, -1.075559, 0.1665873, -0.5031435, 0.05419452, -0.05428109, 0.05499995, -0.04263831, 
17.10003, -0.8441634, 0.9401041, 0.1435265, 0.2416583, 0.9831963, -1.075559, 0.1665873, -0.5031435, 0.05419452, -0.05428109, 0.05499995, -0.04263831, 
17.20003, -0.8441634, 0.9401041, 0.1435265, 0.2416583, 0.9831963, -1.075559, 0.1665873, -0.5031435, 0.05419452, -0.05428109, 0.05499995, -0.04263831, 
17.30003, -0.8441634, 0.9401041, 0.1435265, 0.2416583, 0.9831963, -1.075559, 0.1665873, -0.5031435, 0.05419452, -0.05428109, 0.05499995, -0.04263831, 
17.40003, -0.8441634, 0.9401041, 0.1435265, 0.2416583, 0.9831963, -1.075559, 0.1665873, -0.5031435, 0.05419452, -0.05428109, 0.05499995, -0.04263831, 
17.50003, -0.8441634, 0.9401041, 0.1435265, 0.2416583, 0.9831963, -1.075559, 0.1665873, -0.5031435, 0.05419452, -0.05428109, 0.05499995, -0.04263831, 
17.60003, -0.8441634, 0.9401041, 0.1435265, 0.2416583, 0.9831963, -1.075559, 0.1665873, -0.5031435, 0.05419452, -0.05428109, 0.05499995, -0.04263831, 
17.70003, -0.8441634, 0.9401041, 0.1435265, 0.2416583, 0.9831963, -1.075559, 0.1665873, -0.5031435, 0.05419452, -0.05428109, 0.05499995, -0.04263831, 
17.80003, -0.8441634, 0.9401041, 0.1435265, 0.2416583, 0.9831963, -1.075559, 0.1665873, -0.5031435, 0.05419452, -0.05428109, 0.05499995, -0.04263831, 
17.90003, -0.8716, 0.996967, 0.149335, 0.2658136, 1.043934, -1.163262, 0.1725539, -0.5892755, 0.05499996, -0.05194671, 0.05492318, -0.04878195, 
18.00003, -0.8716, 0.996967, 0.149335, 0.2658136, 1.043934, -1.163262, 0.1725539, -0.5892755, 0.05499996, -0.05194671, 0.05492318, -0.04878195, 
18.10003, -0.8716, 0.996967, 0.149335, 0.2658136, 1.043934, -1.163262, 0.1725539, -0.5892755, 0.05499996, -0.05194671, 0.05492318, -0.04878195, 
18.20003, -0.8716, 0.996967, 0.149335, 0.2658136, 1.043934, -1.163262, 0.1725539, -0.5892755, 0.05499996, -0.05194671, 0.05492318, -0.04878195, 
18.30003, -0.8716, 0.996967, 0.149335, 0.2658136, 1.043934, -1.163262, 0.1725539, -0.5892755, 0.05499996, -0.05194671, 0.05492318, -0.04878195, 
18.40003, -0.8716, 0.996967, 0.149335, 0.2658136, 1.043934, -1.163262, 0.1725539, -0.5892755, 0.05499996, -0.05194671, 0.05492318, -0.04878195, 
18.50003, -0.8716, 0.996967, 0.149335, 0.2658136, 1.043934, -1.163262, 0.1725539, -0.5892755, 0.05499996, -0.05194671, 0.05492318, -0.04878195, 
18.60003, -0.8716, 0.996967, 0.149335, 0.2658136, 1.043934, -1.163262, 0.1725539, -0.5892755, 0.05499996, -0.05194671, 0.05492318, -0.04878195, 
18.70004, -0.8716, 0.996967, 0.149335, 0.2658136, 1.043934, -1.163262, 0.1725539, -0.5892755, 0.05499996, -0.05194671, 0.05492318, -0.04878195, 
18.80004, -0.8716, 0.996967, 0.149335, 0.2658136, 1.043934, -1.163262, 0.1725539, -0.5892755, 0.05499996, -0.05194671, 0.05492318, -0.04878195, 
18.90004, -0.8716, 0.996967, 0.149335, 0.2658136, 1.043934, -1.163262, 0.1725539, -0.5892755, 0.05499996, -0.05194671, 0.05492318, -0.04878195, 
19.00004, -0.8716, 0.996967, 0.149335, 0.2658136, 1.043934, -1.163262, 0.1725539, -0.5892755, 0.05499996, -0.05194671, 0.05492318, -0.04878195, 
19.10004, -0.8716, 0.996967, 0.149335, 0.2658136, 1.043934, -1.163262, 0.1725539, -0.5892755, 0.05499996, -0.05194671, 0.05492318, -0.04878195, 
19.20004, -0.8716, 0.996967, 0.149335, 0.2658136, 1.043934, -1.163262, 0.1725539, -0.5892755, 0.05499996, -0.05194671, 0.05492318, -0.04878195, 
19.30004, -0.8716, 0.996967, 0.149335, 0.2658136, 1.043934, -1.163262, 0.1725539, -0.5892755, 0.05499996, -0.05194671, 0.05492318, -0.04878195, 
19.40004, -0.8907636, 1.04341, 0.1500001, 0.293128, 1.092733, -1.244315, 0.176898, -0.6724405, 0.05500004, -0.05070463, 0.05373644, -0.05300848, 
19.50004, -0.8907636, 1.04341, 0.1500001, 0.293128, 1.092733, -1.244315, 0.176898, -0.6724405, 0.05500004, -0.05070463, 0.05373644, -0.05300848, 
19.60004, -0.8907636, 1.04341, 0.1500001, 0.293128, 1.092733, -1.244315, 0.176898, -0.6724405, 0.05500004, -0.05070463, 0.05373644, -0.05300848, 
19.70004, -0.8907636, 1.04341, 0.1500001, 0.293128, 1.092733, -1.244315, 0.176898, -0.6724405, 0.05500004, -0.05070463, 0.05373644, -0.05300848, 
19.80004, -0.8907636, 1.04341, 0.1500001, 0.293128, 1.092733, -1.244315, 0.176898, -0.6724405, 0.05500004, -0.05070463, 0.05373644, -0.05300848, 
19.90004, -0.8907636, 1.04341, 0.1500001, 0.293128, 1.092733, -1.244315, 0.176898, -0.6724405, 0.05500004, -0.05070463, 0.05373644, -0.05300848, 
20.00004, -0.8907636, 1.04341, 0.1500001, 0.293128, 1.092733, -1.244315, 0.176898, -0.6724405, 0.05500004, -0.05070463, 0.05373644, -0.05300848, 
20.10004, -0.8907636, 1.04341, 0.1500001, 0.293128, 1.092733, -1.244315, 0.176898, -0.6724405, 0.05500004, -0.05070463, 0.05373644, -0.05300848, 
20.20004, -0.8907636, 1.04341, 0.1500001, 0.293128, 1.092733, -1.244315, 0.176898, -0.6724405, 0.05500004, -0.05070463, 0.05373644, -0.05300848, 
20.30004, -0.8907636, 1.04341, 0.1500001, 0.293128, 1.092733, -1.244315, 0.176898, -0.6724405, 0.05500004, -0.05070463, 0.05373644, -0.05300848, 
20.40004, -0.8907636, 1.04341, 0.1500001, 0.293128, 1.092733, -1.244315, 0.176898, -0.6724405, 0.05500004, -0.05070463, 0.05373644, -0.05300848, 
20.50004, -0.8907636, 1.04341, 0.1500001, 0.293128, 1.092733, -1.244315, 0.176898, -0.6724405, 0.05500004, -0.05070463, 0.05373644, -0.05300848, 
20.60004, -0.8907636, 1.04341, 0.1500001, 0.293128, 1.092733, -1.244315, 0.176898, -0.6724405, 0.05500004, -0.05070463, 0.05373644, -0.05300848, 
20.70004, -0.8907636, 1.04341, 0.1500001, 0.293128, 1.092733, -1.244315, 0.176898, -0.6724405, 0.05500004, -0.05070463, 0.05373644, -0.05300848, 
20.80004, -0.9090722, 1.084268, 0.1499999, 0.3197792, 1.123329, -1.312959, 0.1784911, -0.7539822, 0.05500004, -0.04938063, 0.05410085, -0.05417476, 
20.90004, -0.9090722, 1.084268, 0.1499999, 0.3197792, 1.123329, -1.312959, 0.1784911, -0.7539822, 0.05500004, -0.04938063, 0.05410085, -0.05417476, 
21.00004, -0.9090722, 1.084268, 0.1499999, 0.3197792, 1.123329, -1.312959, 0.1784911, -0.7539822, 0.05500004, -0.04938063, 0.05410085, -0.05417476, 
21.10004, -0.9090722, 1.084268, 0.1499999, 0.3197792, 1.123329, -1.312959, 0.1784911, -0.7539822, 0.05500004, -0.04938063, 0.05410085, -0.05417476, 
21.20004, -0.9090722, 1.084268, 0.1499999, 0.3197792, 1.123329, -1.312959, 0.1784911, -0.7539822, 0.05500004, -0.04938063, 0.05410085, -0.05417476, 
21.30005, -0.9090722, 1.084268, 0.1499999, 0.3197792, 1.123329, -1.312959, 0.1784911, -0.7539822, 0.05500004, -0.04938063, 0.05410085, -0.05417476, 
21.40005, -0.9090722, 1.084268, 0.1499999, 0.3197792, 1.123329, -1.312959, 0.1784911, -0.7539822, 0.05500004, -0.04938063, 0.05410085, -0.05417476, 
21.50005, -0.9090722, 1.084268, 0.1499999, 0.3197792, 1.123329, -1.312959, 0.1784911, -0.7539822, 0.05500004, -0.04938063, 0.05410085, -0.05417476, 
21.60005, -0.9090722, 1.084268, 0.1499999, 0.3197792, 1.123329, -1.312959, 0.1784911, -0.7539822, 0.05500004, -0.04938063, 0.05410085, -0.05417476, 
21.70005, -0.9090722, 1.084268, 0.1499999, 0.3197792, 1.123329, -1.312959, 0.1784911, -0.7539822, 0.05500004, -0.04938063, 0.05410085, -0.05417476, 
21.80005, -0.9090722, 1.084268, 0.1499999, 0.3197792, 1.123329, -1.312959, 0.1784911, -0.7539822, 0.05500004, -0.04938063, 0.05410085, -0.05417476, 
21.90005, -0.9090722, 1.084268, 0.1499999, 0.3197792, 1.123329, -1.312959, 0.1784911, -0.7539822, 0.05500004, -0.04938063, 0.05410085, -0.05417476, 
22.00005, -0.9090722, 1.084268, 0.1499999, 0.3197792, 1.123329, -1.312959, 0.1784911, -0.7539822, 0.05500004, -0.04938063, 0.05410085, -0.05417476, 
22.10005, -0.9090722, 1.084268, 0.1499999, 0.3197792, 1.123329, -1.312959, 0.1784911, -0.7539822, 0.05500004, -0.04938063, 0.05410085, -0.05417476, 
22.20005, -0.914535, 1.116016, 0.1500001, 0.3484026, 1.147292, -1.375354, 0.1793906, -0.8247902, 0.05500007, -0.04888712, 0.05424396, -0.05479803, 
22.30005, -0.914535, 1.116016, 0.1500001, 0.3484026, 1.147292, -1.375354, 0.1793906, -0.8247902, 0.05500007, -0.04888712, 0.05424396, -0.05479803, 
22.40005, -0.914535, 1.116016, 0.1500001, 0.3484026, 1.147292, -1.375354, 0.1793906, -0.8247902, 0.05500007, -0.04888712, 0.05424396, -0.05479803, 
22.50005, -0.914535, 1.116016, 0.1500001, 0.3484026, 1.147292, -1.375354, 0.1793906, -0.8247902, 0.05500007, -0.04888712, 0.05424396, -0.05479803, 
22.60005, -0.914535, 1.116016, 0.1500001, 0.3484026, 1.147292, -1.375354, 0.1793906, -0.8247902, 0.05500007, -0.04888712, 0.05424396, -0.05479803, 
22.70005, -0.914535, 1.116016, 0.1500001, 0.3484026, 1.147292, -1.375354, 0.1793906, -0.8247902, 0.05500007, -0.04888712, 0.05424396, -0.05479803, 
22.80005, -0.914535, 1.116016, 0.1500001, 0.3484026, 1.147292, -1.375354, 0.1793906, -0.8247902, 0.05500007, -0.04888712, 0.05424396, -0.05479803, 
22.90005, -0.914535, 1.116016, 0.1500001, 0.3484026, 1.147292, -1.375354, 0.1793906, -0.8247902, 0.05500007, -0.04888712, 0.05424396, -0.05479803, 
23.00005, -0.914535, 1.116016, 0.1500001, 0.3484026, 1.147292, -1.375354, 0.1793906, -0.8247902, 0.05500007, -0.04888712, 0.05424396, -0.05479803, 
23.10005, -0.914535, 1.116016, 0.1500001, 0.3484026, 1.147292, -1.375354, 0.1793906, -0.8247902, 0.05500007, -0.04888712, 0.05424396, -0.05479803, 
23.20005, -0.914535, 1.116016, 0.1500001, 0.3484026, 1.147292, -1.375354, 0.1793906, -0.8247902, 0.05500007, -0.04888712, 0.05424396, -0.05479803, 
23.30005, -0.914535, 1.116016, 0.1500001, 0.3484026, 1.147292, -1.375354, 0.1793906, -0.8247902, 0.05500007, -0.04888712, 0.05424396, -0.05479803, 
23.40005, -0.914535, 1.116016, 0.1500001, 0.3484026, 1.147292, -1.375354, 0.1793906, -0.8247902, 0.05500007, -0.04888712, 0.05424396, -0.05479803, 
23.50005, -0.914535, 1.116016, 0.1500001, 0.3484026, 1.147292, -1.375354, 0.1793906, -0.8247902, 0.05500007, -0.04888712, 0.05424396, -0.05479803, 
23.60005, -0.914535, 1.116016, 0.1500001, 0.3484026, 1.147292, -1.375354, 0.1793906, -0.8247902, 0.05500007, -0.04888712, 0.05424396, -0.05479803, 
23.70005, -0.927241, 1.1482, 0.1499999, 0.3775147, 1.159859, -1.431135, 0.1799032, -0.8896816, 0.05500009, -0.04852008, 0.05428883, -0.05499998, 
23.80005, -0.927241, 1.1482, 0.1499999, 0.3775147, 1.159859, -1.431135, 0.1799032, -0.8896816, 0.05500009, -0.04852008, 0.05428883, -0.05499998, 
23.90005, -0.927241, 1.1482, 0.1499999, 0.3775147, 1.159859, -1.431135, 0.1799032, -0.8896816, 0.05500009, -0.04852008, 0.05428883, -0.05499998, 
24.00006, -0.927241, 1.1482, 0.1499999, 0.3775147, 1.159859, -1.431135, 0.1799032, -0.8896816, 0.05500009, -0.04852008, 0.05428883, -0.05499998, 
24.10006, -0.927241, 1.1482, 0.1499999, 0.3775147, 1.159859, -1.431135, 0.1799032, -0.8896816, 0.05500009, -0.04852008, 0.05428883, -0.05499998, 
24.20006, -0.927241, 1.1482, 0.1499999, 0.3775147, 1.159859, -1.431135, 0.1799032, -0.8896816, 0.05500009, -0.04852008, 0.05428883, -0.05499998, 
24.30006, -0.927241, 1.1482, 0.1499999, 0.3775147, 1.159859, -1.431135, 0.1799032, -0.8896816, 0.05500009, -0.04852008, 0.05428883, -0.05499998, 
24.40006, -0.927241, 1.1482, 0.1499999, 0.3775147, 1.159859, -1.431135, 0.1799032, -0.8896816, 0.05500009, -0.04852008, 0.05428883, -0.05499998, 
24.50006, -0.927241, 1.1482, 0.1499999, 0.3775147, 1.159859, -1.431135, 0.1799032, -0.8896816, 0.05500009, -0.04852008, 0.05428883, -0.05499998, 
24.60006, -0.927241, 1.1482, 0.1499999, 0.3775147, 1.159859, -1.431135, 0.1799032, -0.8896816, 0.05500009, -0.04852008, 0.05428883, -0.05499998, 
24.70006, -0.927241, 1.1482, 0.1499999, 0.3775147, 1.159859, -1.431135, 0.1799032, -0.8896816, 0.05500009, -0.04852008, 0.05428883, -0.05499998, 
24.80006, -0.927241, 1.1482, 0.1499999, 0.3775147, 1.159859, -1.431135, 0.1799032, -0.8896816, 0.05500009, -0.04852008, 0.05428883, -0.05499998, 
24.90006, -0.927241, 1.1482, 0.1499999, 0.3775147, 1.159859, -1.431135, 0.1799032, -0.8896816, 0.05500009, -0.04852008, 0.05428883, -0.05499998, 
25.00006, -0.927241, 1.1482, 0.1499999, 0.3775147, 1.159859, -1.431135, 0.1799032, -0.8896816, 0.05500009, -0.04852008, 0.05428883, -0.05499998, 
25.10006, -0.9301208, 1.176195, 0.1500001, 0.4070108, 1.160923, -1.474332, 0.1800014, -0.9357583, 0.05500013, -0.04836389, 0.05434509, -0.05500004, 
25.20006, -0.9301208, 1.176195, 0.1500001, 0.4070108, 1.160923, -1.474332, 0.1800014, -0.9357583, 0.05500013, -0.04836389, 0.05434509, -0.05500004, 
25.30006, -0.9301208, 1.176195, 0.1500001, 0.4070108, 1.160923, -1.474332, 0.1800014, -0.9357583, 0.05500013, -0.04836389, 0.05434509, -0.05500004, 
25.40006, -0.9301208, 1.176195, 0.1500001, 0.4070108, 1.160923, -1.474332, 0.1800014, -0.9357583, 0.05500013, -0.04836389, 0.05434509, -0.05500004, 
25.50006, -0.9301208, 1.176195, 0.1500001, 0.4070108, 1.160923, -1.474332, 0.1800014, -0.9357583, 0.05500013, -0.04836389, 0.05434509, -0.05500004, 
25.60006, -0.9301208, 1.176195, 0.1500001, 0.4070108, 1.160923, -1.474332, 0.1800014, -0.9357583, 0.05500013, -0.04836389, 0.05434509, -0.05500004, 
25.70006, -0.9301208, 1.176195, 0.1500001, 0.4070108, 1.160923, -1.474332, 0.1800014, -0.9357583, 0.05500013, -0.04836389, 0.05434509, -0.05500004, 
25.80006, -0.9301208, 1.176195, 0.1500001, 0.4070108, 1.160923, -1.474332, 0.1800014, -0.9357583, 0.05500013, -0.04836389, 0.05434509, -0.05500004, 
25.90006, -0.9301208, 1.176195, 0.1500001, 0.4070108, 1.160923, -1.474332, 0.1800014, -0.9357583, 0.05500013, -0.04836389, 0.05434509, -0.05500004, 
26.00006, -0.9301208, 1.176195, 0.1500001, 0.4070108, 1.160923, -1.474332, 0.1800014, -0.9357583, 0.05500013, -0.04836389, 0.05434509, -0.05500004, 
26.10006, -0.9301208, 1.176195, 0.1500001, 0.4070108, 1.160923, -1.474332, 0.1800014, -0.9357583, 0.05500013, -0.04836389, 0.05434509, -0.05500004, 
26.20006, -0.9301208, 1.176195, 0.1500001, 0.4070108, 1.160923, -1.474332, 0.1800014, -0.9357583, 0.05500013, -0.04836389, 0.05434509, -0.05500004, 
26.30006, -0.9301208, 1.176195, 0.1500001, 0.4070108, 1.160923, -1.474332, 0.1800014, -0.9357583, 0.05500013, -0.04836389, 0.05434509, -0.05500004, 
26.40006, -0.9301208, 1.176195, 0.1500001, 0.4070108, 1.160923, -1.474332, 0.1800014, -0.9357583, 0.05500013, -0.04836389, 0.05434509, -0.05500004, 
26.50006, -0.9419542, 1.206738, 0.1499999, 0.4362974, 1.151498, -1.508488, 0.1800014, -0.9709616, 0.05500009, -0.04809333, 0.05432858, -0.05499998, 
26.60007, -0.9419542, 1.206738, 0.1499999, 0.4362974, 1.151498, -1.508488, 0.1800014, -0.9709616, 0.05500009, -0.04809333, 0.05432858, -0.05499998, 
26.70007, -0.9419542, 1.206738, 0.1499999, 0.4362974, 1.151498, -1.508488, 0.1800014, -0.9709616, 0.05500009, -0.04809333, 0.05432858, -0.05499998, 
26.80007, -0.9419542, 1.206738, 0.1499999, 0.4362974, 1.151498, -1.508488, 0.1800014, -0.9709616, 0.05500009, -0.04809333, 0.05432858, -0.05499998, 
26.90007, -0.9419542, 1.206738, 0.1499999, 0.4362974, 1.151498, -1.508488, 0.1800014, -0.9709616, 0.05500009, -0.04809333, 0.05432858, -0.05499998, 
27.00007, -0.9419542, 1.206738, 0.1499999, 0.4362974, 1.151498, -1.508488, 0.1800014, -0.9709616, 0.05500009, -0.04809333, 0.05432858, -0.05499998, 
27.10007, -0.9419542, 1.206738, 0.1499999, 0.4362974, 1.151498, -1.508488, 0.1800014, -0.9709616, 0.05500009, -0.04809333, 0.05432858, -0.05499998, 
27.20007, -0.9419542, 1.206738, 0.1499999, 0.4362974, 1.151498, -1.508488, 0.1800014, -0.9709616, 0.05500009, -0.04809333, 0.05432858, -0.05499998, 
27.30007, -0.9419542, 1.206738, 0.1499999, 0.4362974, 1.151498, -1.508488, 0.1800014, -0.9709616, 0.05500009, -0.04809333, 0.05432858, -0.05499998, 
27.40007, -0.9419542, 1.206738, 0.1499999, 0.4362974, 1.151498, -1.508488, 0.1800014, -0.9709616, 0.05500009, -0.04809333, 0.05432858, -0.05499998, 
27.50007, -0.9419542, 1.206738, 0.1499999, 0.4362974, 1.151498, -1.508488, 0.1800014, -0.9709616, 0.05500009, -0.04809333, 0.05432858, -0.05499998, 
27.60007, -0.9419542, 1.206738, 0.1499999, 0.4362974, 1.151498, -1.508488, 0.1800014, -0.9709616, 0.05500009, -0.04809333, 0.05432858, -0.05499998, 
27.70007, -0.9419542, 1.206738, 0.1499999, 0.4362974, 1.151498, -1.508488, 0.1800014, -0.9709616, 0.05500009, -0.04809333, 0.05432858, -0.05499998, 
27.80007, -0.9419542, 1.206738, 0.1499999, 0.4362974, 1.151498, -1.508488, 0.1800014, -0.9709616, 0.05500009, -0.04809333, 0.05432858, -0.05499998, 
27.90007, -0.9419542, 1.206738, 0.1499999, 0.4362974, 1.151498, -1.508488, 0.1800014, -0.9709616, 0.05500009, -0.04809333, 0.05432858, -0.05499998, 
28.00007, -0.9431585, 1.232499, 0.1500001, 0.4661774, 1.145948, -1.5387, 0.1800012, -1.00065, 0.05500006, -0.04814579, 0.05435372, -0.05499996, 
28.10007, -0.9431585, 1.232499, 0.1500001, 0.4661774, 1.145948, -1.5387, 0.1800012, -1.00065, 0.05500006, -0.04814579, 0.05435372, -0.05499996, 
28.20007, -0.9431585, 1.232499, 0.1500001, 0.4661774, 1.145948, -1.5387, 0.1800012, -1.00065, 0.05500006, -0.04814579, 0.05435372, -0.05499996, 
28.30007, -0.9431585, 1.232499, 0.1500001, 0.4661774, 1.145948, -1.5387, 0.1800012, -1.00065, 0.05500006, -0.04814579, 0.05435372, -0.05499996, 
28.40007, -0.9431585, 1.232499, 0.1500001, 0.4661774, 1.145948, -1.5387, 0.1800012, -1.00065, 0.05500006, -0.04814579, 0.05435372, -0.05499996, 
28.50007, -0.9431585, 1.232499, 0.1500001, 0.4661774, 1.145948, -1.5387, 0.1800012, -1.00065, 0.05500006, -0.04814579, 0.05435372, -0.05499996, 
28.60007, -0.9431585, 1.232499, 0.1500001, 0.4661774, 1.145948, -1.5387, 0.1800012, -1.00065, 0.05500006, -0.04814579, 0.05435372, -0.05499996, 
28.70007, -0.9431585, 1.232499, 0.1500001, 0.4661774, 1.145948, -1.5387, 0.1800012, -1.00065, 0.05500006, -0.04814579, 0.05435372, -0.05499996, 
28.80007, -0.9431585, 1.232499, 0.1500001, 0.4661774, 1.145948, -1.5387, 0.1800012, -1.00065, 0.05500006, -0.04814579, 0.05435372, -0.05499996, 
28.90007, -0.9431585, 1.232499, 0.1500001, 0.4661774, 1.145948, -1.5387, 0.1800012, -1.00065, 0.05500006, -0.04814579, 0.05435372, -0.05499996, 
29.00007, -0.9431585, 1.232499, 0.1500001, 0.4661774, 1.145948, -1.5387, 0.1800012, -1.00065, 0.05500006, -0.04814579, 0.05435372, -0.05499996, 
29.10007, -0.9431585, 1.232499, 0.1500001, 0.4661774, 1.145948, -1.5387, 0.1800012, -1.00065, 0.05500006, -0.04814579, 0.05435372, -0.05499996, 
29.20008, -0.9431585, 1.232499, 0.1500001, 0.4661774, 1.145948, -1.5387, 0.1800012, -1.00065, 0.05500006, -0.04814579, 0.05435372, -0.05499996, 
29.30008, -0.9431585, 1.232499, 0.1500001, 0.4661774, 1.145948, -1.5387, 0.1800012, -1.00065, 0.05500006, -0.04814579, 0.05435372, -0.05499996, 
29.40008, -0.9542239, 1.261891, 0.1499999, 0.4955862, 1.137396, -1.56488, 0.1800014, -1.027667, 0.055, -0.04797474, 0.05431549, -0.05500006, 
29.50008, -0.9542239, 1.261891, 0.1499999, 0.4955862, 1.137396, -1.56488, 0.1800014, -1.027667, 0.055, -0.04797474, 0.05431549, -0.05500006, 
29.60008, -0.9542239, 1.261891, 0.1499999, 0.4955862, 1.137396, -1.56488, 0.1800014, -1.027667, 0.055, -0.04797474, 0.05431549, -0.05500006, 
29.70008, -0.9542239, 1.261891, 0.1499999, 0.4955862, 1.137396, -1.56488, 0.1800014, -1.027667, 0.055, -0.04797474, 0.05431549, -0.05500006, 
29.80008, -0.9542239, 1.261891, 0.1499999, 0.4955862, 1.137396, -1.56488, 0.1800014, -1.027667, 0.055, -0.04797474, 0.05431549, -0.05500006, 
29.90008, -0.9542239, 1.261891, 0.1499999, 0.4955862, 1.137396, -1.56488, 0.1800014, -1.027667, 0.055, -0.04797474, 0.05431549, -0.05500006, 
30.00008, -0.9542239, 1.261891, 0.1499999, 0.4955862, 1.137396, -1.56488, 0.1800014, -1.027667, 0.055, -0.04797474, 0.05431549, -0.05500006, 
30.10008, -0.9542239, 1.261891, 0.1499999, 0.4955862, 1.137396, -1.56488, 0.1800014, -1.027667, 0.055, -0.04797474, 0.05431549, -0.05500006, 
30.20008, -0.9542239, 1.261891, 0.1499999, 0.4955862, 1.137396, -1.56488, 0.1800014, -1.027667, 0.055, -0.04797474, 0.05431549, -0.05500006, 
30.30008, -0.9542239, 1.261891, 0.1499999, 0.4955862, 1.137396, -1.56488, 0.1800014, -1.027667, 0.055, -0.04797474, 0.05431549, -0.05500006, 
30.40008, -0.9542239, 1.261891, 0.1499999, 0.4955862, 1.137396, -1.56488, 0.1800014, -1.027667, 0.055, -0.04797474, 0.05431549, -0.05500006, 
30.50008, -0.9542239, 1.261891, 0.1499999, 0.4955862, 1.137396, -1.56488, 0.1800014, -1.027667, 0.055, -0.04797474, 0.05431549, -0.05500006, 
30.60008, -0.9542239, 1.261891, 0.1499999, 0.4955862, 1.137396, -1.56488, 0.1800014, -1.027667, 0.055, -0.04797474, 0.05431549, -0.05500006, 
30.70008, -0.9542239, 1.261891, 0.1499999, 0.4955862, 1.137396, -1.56488, 0.1800014, -1.027667, 0.055, -0.04797474, 0.05431549, -0.05500006, 
30.80008, -0.9542239, 1.261891, 0.1499999, 0.4955862, 1.137396, -1.56488, 0.1800014, -1.027667, 0.055, -0.04797474, 0.05431549, -0.05500006, 
30.90008, -0.9551838, 1.287128, 0.1500001, 0.5256059, 1.135267, -1.589855, 0.1800014, -1.053254, 0.05499998, -0.04810639, 0.05434113, -0.05500013, 
31.00008, -0.9551838, 1.287128, 0.1500001, 0.5256059, 1.135267, -1.589855, 0.1800014, -1.053254, 0.05499998, -0.04810639, 0.05434113, -0.05500013, 
31.10008, -0.9551838, 1.287128, 0.1500001, 0.5256059, 1.135267, -1.589855, 0.1800014, -1.053254, 0.05499998, -0.04810639, 0.05434113, -0.05500013, 
31.20008, -0.9551838, 1.287128, 0.1500001, 0.5256059, 1.135267, -1.589855, 0.1800014, -1.053254, 0.05499998, -0.04810639, 0.05434113, -0.05500013, 
31.30008, -0.9551838, 1.287128, 0.1500001, 0.5256059, 1.135267, -1.589855, 0.1800014, -1.053254, 0.05499998, -0.04810639, 0.05434113, -0.05500013, 
31.40008, -0.9551838, 1.287128, 0.1500001, 0.5256059, 1.135267, -1.589855, 0.1800014, -1.053254, 0.05499998, -0.04810639, 0.05434113, -0.05500013, 
31.50008, -0.9551838, 1.287128, 0.1500001, 0.5256059, 1.135267, -1.589855, 0.1800014, -1.053254, 0.05499998, -0.04810639, 0.05434113, -0.05500013, 
31.60008, -0.9551838, 1.287128, 0.1500001, 0.5256059, 1.135267, -1.589855, 0.1800014, -1.053254, 0.05499998, -0.04810639, 0.05434113, -0.05500013, 
31.70008, -0.9551838, 1.287128, 0.1500001, 0.5256059, 1.135267, -1.589855, 0.1800014, -1.053254, 0.05499998, -0.04810639, 0.05434113, -0.05500013, 
31.80009, -0.9551838, 1.287128, 0.1500001, 0.5256059, 1.135267, -1.589855, 0.1800014, -1.053254, 0.05499998, -0.04810639, 0.05434113, -0.05500013, 
31.90009, -0.9551838, 1.287128, 0.1500001, 0.5256059, 1.135267, -1.589855, 0.1800014, -1.053254, 0.05499998, -0.04810639, 0.05434113, -0.05500013, 
32.00008, -0.9551838, 1.287128, 0.1500001, 0.5256059, 1.135267, -1.589855, 0.1800014, -1.053254, 0.05499998, -0.04810639, 0.05434113, -0.05500013, 
32.10008, -0.9551838, 1.287128, 0.1500001, 0.5256059, 1.135267, -1.589855, 0.1800014, -1.053254, 0.05499998, -0.04810639, 0.05434113, -0.05500013, 
32.20008, -0.9551838, 1.287128, 0.1500001, 0.5256059, 1.135267, -1.589855, 0.1800014, -1.053254, 0.05499998, -0.04810639, 0.05434113, -0.05500013, 
32.30008, -0.9658652, 1.315786, 0.1500002, 0.5551718, 1.12188, -1.605197, 0.1800012, -1.066518, 0.05500006, -0.04804002, 0.05431752, -0.055, 
32.40008, -0.9658652, 1.315786, 0.1500002, 0.5551718, 1.12188, -1.605197, 0.1800012, -1.066518, 0.05500006, -0.04804002, 0.05431752, -0.055, 
32.50008, -0.9658652, 1.315786, 0.1500002, 0.5551718, 1.12188, -1.605197, 0.1800012, -1.066518, 0.05500006, -0.04804002, 0.05431752, -0.055, 
32.60007, -0.9658652, 1.315786, 0.1500002, 0.5551718, 1.12188, -1.605197, 0.1800012, -1.066518, 0.05500006, -0.04804002, 0.05431752, -0.055, 
32.70007, -0.9658652, 1.315786, 0.1500002, 0.5551718, 1.12188, -1.605197, 0.1800012, -1.066518, 0.05500006, -0.04804002, 0.05431752, -0.055, 
32.80007, -0.9658652, 1.315786, 0.1500002, 0.5551718, 1.12188, -1.605197, 0.1800012, -1.066518, 0.05500006, -0.04804002, 0.05431752, -0.055, 
32.90007, -0.9658652, 1.315786, 0.1500002, 0.5551718, 1.12188, -1.605197, 0.1800012, -1.066518, 0.05500006, -0.04804002, 0.05431752, -0.055, 
33.00007, -0.9658652, 1.315786, 0.1500002, 0.5551718, 1.12188, -1.605197, 0.1800012, -1.066518, 0.05500006, -0.04804002, 0.05431752, -0.055, 
33.10007, -0.9658652, 1.315786, 0.1500002, 0.5551718, 1.12188, -1.605197, 0.1800012, -1.066518, 0.05500006, -0.04804002, 0.05431752, -0.055, 
33.20007, -0.9658652, 1.315786, 0.1500002, 0.5551718, 1.12188, -1.605197, 0.1800012, -1.066518, 0.05500006, -0.04804002, 0.05431752, -0.055, 
33.30006, -0.9658652, 1.315786, 0.1500002, 0.5551718, 1.12188, -1.605197, 0.1800012, -1.066518, 0.05500006, -0.04804002, 0.05431752, -0.055, 
33.40006, -0.9658652, 1.315786, 0.1500002, 0.5551718, 1.12188, -1.605197, 0.1800012, -1.066518, 0.05500006, -0.04804002, 0.05431752, -0.055, 
33.50006, -0.9658652, 1.315786, 0.1500002, 0.5551718, 1.12188, -1.605197, 0.1800012, -1.066518, 0.05500006, -0.04804002, 0.05431752, -0.055, 
33.60006, -0.9658652, 1.315786, 0.1500002, 0.5551718, 1.12188, -1.605197, 0.1800012, -1.066518, 0.05500006, -0.04804002, 0.05431752, -0.055, 
33.70006, -0.9668251, 1.340919, 0.1499999, 0.5851914, 1.110902, -1.616018, 0.1800013, -1.073098, 0.05499998, -0.04821127, 0.05434522, -0.05500014, 
33.80006, -0.9668251, 1.340919, 0.1499999, 0.5851914, 1.110902, -1.616018, 0.1800013, -1.073098, 0.05499998, -0.04821127, 0.05434522, -0.05500014, 
33.90005, -0.9668251, 1.340919, 0.1499999, 0.5851914, 1.110902, -1.616018, 0.1800013, -1.073098, 0.05499998, -0.04821127, 0.05434522, -0.05500014, 
34.00005, -0.9668251, 1.340919, 0.1499999, 0.5851914, 1.110902, -1.616018, 0.1800013, -1.073098, 0.05499998, -0.04821127, 0.05434522, -0.05500014, 
34.10005, -0.9668251, 1.340919, 0.1499999, 0.5851914, 1.110902, -1.616018, 0.1800013, -1.073098, 0.05499998, -0.04821127, 0.05434522, -0.05500014, 
34.20005, -0.9668251, 1.340919, 0.1499999, 0.5851914, 1.110902, -1.616018, 0.1800013, -1.073098, 0.05499998, -0.04821127, 0.05434522, -0.05500014, 
34.30005, -0.9668251, 1.340919, 0.1499999, 0.5851914, 1.110902, -1.616018, 0.1800013, -1.073098, 0.05499998, -0.04821127, 0.05434522, -0.05500014, 
34.40005, -0.9668251, 1.340919, 0.1499999, 0.5851914, 1.110902, -1.616018, 0.1800013, -1.073098, 0.05499998, -0.04821127, 0.05434522, -0.05500014, 
34.50005, -0.9668251, 1.340919, 0.1499999, 0.5851914, 1.110902, -1.616018, 0.1800013, -1.073098, 0.05499998, -0.04821127, 0.05434522, -0.05500014, 
34.60004, -0.9668251, 1.340919, 0.1499999, 0.5851914, 1.110902, -1.616018, 0.1800013, -1.073098, 0.05499998, -0.04821127, 0.05434522, -0.05500014, 
34.70004, -0.9668251, 1.340919, 0.1499999, 0.5851914, 1.110902, -1.616018, 0.1800013, -1.073098, 0.05499998, -0.04821127, 0.05434522, -0.05500014, 
34.80004, -0.9668251, 1.340919, 0.1499999, 0.5851914, 1.110902, -1.616018, 0.1800013, -1.073098, 0.05499998, -0.04821127, 0.05434522, -0.05500014, 
34.90004, -0.9668251, 1.340919, 0.1499999, 0.5851914, 1.110902, -1.616018, 0.1800013, -1.073098, 0.05499998, -0.04821127, 0.05434522, -0.05500014, 
35.00004, -0.9668251, 1.340919, 0.1499999, 0.5851914, 1.110902, -1.616018, 0.1800013, -1.073098, 0.05499998, -0.04821127, 0.05434522, -0.05500014, 
35.10004, -0.9668251, 1.340919, 0.1499999, 0.5851914, 1.110902, -1.616018, 0.1800013, -1.073098, 0.05499998, -0.04821127, 0.05434522, -0.05500014, 
35.20004, -0.9445722, 1.325909, 0.1459485, 0.6302035, 1.070306, -1.591234, 0.1747297, -1.080219, 0.05226774, -0.05429963, 0.05499999, -0.05018074, 
35.30003, -0.9445722, 1.325909, 0.1459485, 0.6302035, 1.070306, -1.591234, 0.1747297, -1.080219, 0.05226774, -0.05429963, 0.05499999, -0.05018074, 
35.40003, -0.9445722, 1.325909, 0.1459485, 0.6302035, 1.070306, -1.591234, 0.1747297, -1.080219, 0.05226774, -0.05429963, 0.05499999, -0.05018074, 
35.50003, -0.9445722, 1.325909, 0.1459485, 0.6302035, 1.070306, -1.591234, 0.1747297, -1.080219, 0.05226774, -0.05429963, 0.05499999, -0.05018074, 
35.60003, -0.9445722, 1.325909, 0.1459485, 0.6302035, 1.070306, -1.591234, 0.1747297, -1.080219, 0.05226774, -0.05429963, 0.05499999, -0.05018074, 
35.70003, -0.9445722, 1.325909, 0.1459485, 0.6302035, 1.070306, -1.591234, 0.1747297, -1.080219, 0.05226774, -0.05429963, 0.05499999, -0.05018074, 
35.80003, -0.9445722, 1.325909, 0.1459485, 0.6302035, 1.070306, -1.591234, 0.1747297, -1.080219, 0.05226774, -0.05429963, 0.05499999, -0.05018074, 
