Timestamp, lowerLink1, lowerLink2, lowerLink3, lowerLink4, upperLink1, upperLink2, upperLink3, upperLink4, gripLowerR, gripLowerL, gripUpperR, gripUpperL,
0.1,-0.7183,0.7635,0.145,0.0004363323,0.7070,-0.7559,0.146,-0.003996804,-0.0519,0.0550,-0.0543,0.0522, 
0.2,-0.7183,0.7635,0.145,0.0004363323,0.7070,-0.7559,0.146,-0.003996804,-0.0519,0.0550,-0.0543,0.0522, 
0.3,-0.7183,0.7635,0.145,0.0004363323,0.7070,-0.7559,0.146,-0.003996804,-0.0519,0.0550,-0.0543,0.0522, 
0.4,-0.7183,0.7635,0.145,0.0004363323,0.7070,-0.7559,0.146,-0.003996804,-0.0519,0.0550,-0.0543,0.0522, 
0.5,-0.7183,0.7635,0.145,0.0004363323,0.7070,-0.7559,0.146,-0.003996804,-0.0519,0.0550,-0.0543,0.0522, 
0.6,-0.7183,0.7635,0.145,0.0004363323,0.7070,-0.7559,0.146,-0.003996804,-0.0519,0.0550,-0.0543,0.0522, 
0.7,-0.7529,0.7783,0.148,-0.0001047198,0.7155,-0.7664,0.148,-0.003996804,-0.0535,0.0548,-0.0550,0.0530, 
0.8000001,-0.7699,0.7886,0.148,-0.01214749,0.7331,-0.7791,0.149,-0.004415683,-0.0542,0.0549,-0.0550,0.0532, 
0.9000001,-0.7808,0.7996,0.149,-0.03005457,0.7646,-0.7938,0.150,0.007574729,-0.0546,0.0550,-0.0550,0.0533, 
1,-0.7983,0.8148,0.149,-0.05117305,0.7889,-0.8048,0.149,0.02815216,-0.0547,0.0549,-0.0550,0.0541, 
1.1,-0.8178,0.8273,0.149,-0.07386233,0.8020,-0.8255,0.149,0.05003859,-0.0549,0.0549,-0.0550,0.0543, 
1.2,-0.8307,0.8408,0.149,-0.09759881,0.8185,-0.8465,0.149,0.07346091,-0.0549,0.0549,-0.0550,0.0544, 
1.3,-0.8545,0.8723,0.150,-0.1387711,0.8339,-0.8596,0.150,0.09745919,-0.0549,0.0549,-0.0550,0.0544, 
1.4,-0.8858,0.9028,0.149,-0.1884956,0.8434,-0.8861,0.150,0.1242325,-0.0549,0.0549,-0.0550,0.0543, 
1.5,-0.9158,0.9434,0.149,-0.2508387,0.8619,-0.9129,0.149,0.1524545,-0.0549,0.0549,-0.0550,0.0542, 
1.6,-0.9510,0.9975,0.149,-0.3225194,0.8750,-0.9302,0.149,0.1818982,-0.0548,0.0550,-0.0550,0.0543, 
1.7,-0.9939,1.0562,0.149,-0.403014,0.8798,-0.9533,0.150,0.2116037,-0.0547,0.0550,-0.0550,0.0543, 
1.8,-1.0265,1.1221,0.149,-0.4935791,0.8978,-0.9821,0.150,0.2407507,-0.0548,0.0550,-0.0550,0.0540, 
1.9,-1.0575,1.1866,0.149,-0.5842315,0.9232,-1.0097,0.149,0.2723936,-0.0548,0.0550,-0.0549,0.0547, 
2,-1.0911,1.2563,0.149,-0.6714805,0.9347,-1.0314,0.149,0.3029717,-0.0549,0.0549,-0.0549,0.0549, 
2.1,-1.1359,1.3228,0.149,-0.7536506,0.9175,-1.0540,0.148,0.333323,-0.0550,0.0547,-0.0548,0.0550, 
2.2,-1.1471,1.3775,0.149,-0.8244411,0.9293,-1.0873,0.148,0.3633601,-0.0550,0.0548,-0.0548,0.0550, 
2.3,-1.1480,1.4329,0.149,-0.8891929,0.9530,-1.1127,0.148,0.39331,-0.0548,0.0550,-0.0549,0.0550, 
2.4,-1.1481,1.4733,0.149,-0.9354964,0.9598,-1.1424,0.148,0.4228409,-0.0550,0.0548,-0.0550,0.0548, 
2.5,-1.1411,1.5068,0.149,-0.9708219,0.9672,-1.1710,0.148,0.4524417,-0.0550,0.0548,-0.0550,0.0547, 
2.6,-1.1356,1.5399,0.149,-1.000493,0.9725,-1.1932,0.148,0.482409,-0.0550,0.0548,-0.0550,0.0547, 
2.7,-1.1436,1.5657,0.149,-1.027667,0.9627,-1.2254,0.149,0.5119574,-0.0550,0.0548,-0.0550,0.0545, 
2.799999,-1.1402,1.5868,0.149,-1.053202,0.9708,-1.2555,0.149,0.5420294,-0.0550,0.0548,-0.0550,0.0546, 
2.899999,-1.1277,1.6051,0.149,-1.066658,0.9790,-1.2783,0.149,0.5719095,-0.0550,0.0546,-0.0550,0.0546, 
2.999999,-1.1196,1.6173,0.149,-1.073308,0.9782,-1.3027,0.149,0.6018768,-0.0550,0.0547,-0.0550,0.0546, 
3.099999,-1.1156,1.6219,0.149,-1.076606,0.9764,-1.3338,0.149,0.6317219,-0.0550,0.0548,-0.0550,0.0545, 
3.199999,-1.0947,1.6261,0.149,-1.078177,1.0001,-1.3632,0.149,0.6612179,-0.0549,0.0549,-0.0550,0.0543, 
3.299999,-1.0929,1.6317,0.149,-1.079067,1.0017,-1.3882,0.149,0.6910457,-0.0549,0.0549,-0.0550,0.0542, 
3.399999,-1.0925,1.6346,0.150,-1.079678,1.0024,-1.4163,0.149,0.7208558,-0.0550,0.0548,-0.0550,0.0542, 
3.499999,-1.0960,1.6332,0.149,-1.079835,0.9986,-1.4455,0.149,0.751085,-0.0550,0.0549,-0.0550,0.0543, 
3.599999,-1.0834,1.6352,0.150,-1.079888,1.0162,-1.4735,0.149,0.7808778,-0.0549,0.0549,-0.0550,0.0542, 
3.699999,-1.0888,1.6347,0.149,-1.07987,1.0173,-1.4985,0.149,0.8107752,-0.0549,0.0549,-0.0550,0.0544, 
3.799999,-1.0884,1.6378,0.150,-1.08001,1.0131,-1.5210,0.149,0.8379675,-0.0550,0.0548,-0.0550,0.0545, 
3.899998,-1.0914,1.6359,0.149,-1.08001,1.0138,-1.5476,0.149,0.8636937,-0.0550,0.0549,-0.0550,0.0545, 
3.999998,-1.0721,1.6330,0.149,-1.079783,1.0428,-1.5740,0.149,0.8884075,-0.0549,0.0550,-0.0550,0.0543, 
4.099998,-1.0749,1.6380,0.149,-1.079888,1.0431,-1.5933,0.149,0.9130341,-0.0549,0.0549,-0.0550,0.0543, 
4.199998,-1.0863,1.6388,0.150,-1.080027,1.0339,-1.6157,0.150,0.933978,-0.0548,0.0550,-0.0550,0.0542, 
4.299998,-1.0846,1.6384,0.150,-1.080219,1.0305,-1.6272,0.150,0.945218,-0.0550,0.0548,-0.0550,0.0544, 
4.399998,-1.0839,1.6386,0.150,-1.080062,1.0278,-1.6316,0.149,0.9512219,-0.0550,0.0549,-0.0550,0.0545, 
4.499998,-1.0929,1.6415,0.141,-1.080132,1.0067,-1.6320,0.149,0.9546602,-0.0550,0.0549,-0.0550,0.0546, 
4.599998,-1.0849,1.6403,0.129,-1.080202,1.0045,-1.6373,0.150,0.9563008,-0.0550,0.0547,-0.0550,0.0547, 
4.699998,-1.0724,1.6312,0.097,-1.079329,1.0105,-1.6283,0.131,0.9636487,-0.0550,0.0536,-0.0538,0.0550, 
4.799998,-1.0749,1.6375,0.097,-1.078858,1.0188,-1.6357,0.143,0.9604546,-0.0546,0.0546,-0.0547,0.0546, 
4.899998,-1.0800,1.6378,0.095,-1.079364,1.0145,-1.6400,0.146,0.9586745,-0.0546,0.0550,-0.0550,0.0545, 
4.999998,-1.0776,1.6417,0.094,-1.079713,1.0109,-1.6410,0.148,0.9579239,-0.0548,0.0549,-0.0550,0.0545, 
5.099998,-1.0824,1.6420,0.093,-1.079975,1.0056,-1.6391,0.148,0.9578542,-0.0549,0.0549,-0.0550,0.0546, 
5.199997,-1.0843,1.6392,0.093,-1.079992,1.0019,-1.6426,0.149,0.9577146,-0.0549,0.0549,-0.0550,0.0546, 
5.299997,-1.0769,1.6396,0.093,-1.080062,1.0132,-1.6449,0.149,0.9572084,-0.0550,0.0548,-0.0550,0.0546, 
5.399997,-1.0783,1.6400,0.093,-1.079992,1.0141,-1.6421,0.149,0.957348,-0.0550,0.0549,-0.0550,0.0546, 
5.499997,-1.0828,1.6389,0.093,-1.080027,1.0036,-1.6423,0.149,0.9575749,-0.0550,0.0549,-0.0550,0.0547, 
5.599997,-1.0846,1.6375,0.093,-1.08001,1.0000,-1.6444,0.149,0.9576098,-0.0550,0.0549,-0.0550,0.0547, 
5.699997,-1.0733,1.6395,0.093,-1.07994,1.0133,-1.6407,0.149,0.9576447,-0.0550,0.0549,-0.0550,0.0547, 
5.799997,-1.0723,1.6408,0.093,-1.08001,1.0129,-1.6407,0.149,0.9575574,-0.0550,0.0549,-0.0550,0.0547, 
5.899997,-1.0793,1.6417,0.093,-1.080149,1.0060,-1.6390,0.138,0.9576971,-0.0550,0.0549,-0.0550,0.0547, 
5.999997,-1.0830,1.6390,0.093,-1.08008,1.0016,-1.6427,0.121,0.9576447,-0.0550,0.0549,-0.0550,0.0547, 
6.099997,-1.0733,1.6407,0.093,-1.079975,1.0125,-1.6400,0.102,0.9576272,-0.0550,0.0549,-0.0550,0.0547, 
6.199996,-1.0734,1.6394,0.093,-1.079992,1.0124,-1.6416,0.081,0.9574527,-0.0550,0.0549,-0.0550,0.0547, 
6.299996,-1.0729,1.6386,0.093,-1.08001,1.0129,-1.6424,0.065,0.9573655,-0.0550,0.0549,-0.0550,0.0547, 
6.399996,-1.0759,1.6383,0.092,-1.079992,1.0101,-1.6428,0.059,0.9573306,-0.0505,0.0480,-0.0550,0.0547, 
6.499996,-1.0743,1.6408,0.093,-1.079957,1.0105,-1.6412,0.049,0.9574702,-0.0438,0.0375,-0.0550,0.0547, 
6.599996,-1.0799,1.6385,0.092,-1.080045,1.0067,-1.6431,0.044,0.9573655,-0.0369,0.0267,-0.0550,0.0547, 
6.699996,-1.0773,1.6382,0.093,-1.079957,1.0077,-1.6425,0.041,0.95754,-0.0335,0.0213,-0.0550,0.0547, 
6.799996,-1.0753,1.6406,0.093,-1.079957,1.0087,-1.6414,0.040,0.9575749,-0.0317,0.0187,-0.0550,0.0547, 
6.899996,-1.0803,1.6382,0.092,-1.080027,1.0065,-1.6435,0.040,0.9574178,-0.0309,0.0173,-0.0550,0.0547, 
6.999996,-1.0773,1.6380,0.093,-1.079922,1.0078,-1.6425,0.039,0.9576098,-0.0305,0.0166,-0.0550,0.0547, 
7.099996,-1.0755,1.6404,0.093,-1.07994,1.0086,-1.6415,0.039,0.9576098,-0.0302,0.0163,-0.0550,0.0547, 
7.199996,-1.0805,1.6381,0.092,-1.08001,1.0065,-1.6436,0.039,0.9574353,-0.0301,0.0162,-0.0550,0.0547, 
7.299995,-1.0782,1.6380,0.092,-1.079957,1.0077,-1.6443,0.039,0.9574178,-0.0301,0.0161,-0.0550,0.0547, 
7.399995,-1.0788,1.6392,0.092,-1.079957,1.0104,-1.6420,0.039,0.9574702,-0.0300,0.0160,-0.0550,0.0547, 
7.499995,-1.0911,1.6404,0.093,-1.080027,0.9912,-1.6402,0.039,0.9580112,-0.0301,0.0160,-0.0549,0.0548, 
7.599995,-1.0928,1.6394,0.092,-1.079783,0.9928,-1.6453,0.039,0.9573131,-0.0299,0.0162,-0.0550,0.0546, 
7.699995,-1.0797,1.6385,0.092,-1.079888,1.0116,-1.6449,0.039,0.9571037,-0.0300,0.0160,-0.0550,0.0546, 
7.799995,-1.0775,1.6412,0.093,-1.079975,1.0144,-1.6432,0.039,0.9569815,-0.0299,0.0160,-0.0550,0.0545, 
7.899995,-1.0867,1.6385,0.093,-1.08008,1.0031,-1.6443,0.039,0.9572782,-0.0300,0.0160,-0.0550,0.0546, 
7.999995,-1.0847,1.6406,0.093,-1.080149,1.0049,-1.6425,0.039,0.9572956,-0.0300,0.0159,-0.0506,0.0477, 
8.099995,-1.0835,1.6416,0.093,-1.080167,1.0045,-1.6412,0.039,0.9573829,-0.0300,0.0159,-0.0440,0.0372, 
8.199995,-1.0835,1.6399,0.093,-1.080114,1.0047,-1.6425,0.039,0.9574527,-0.0300,0.0160,-0.0371,0.0265, 
8.299995,-1.0776,1.6449,0.100,-1.078753,1.0154,-1.6454,0.037,0.9568244,-0.0294,0.0166,-0.0340,0.0208, 
8.399996,-1.0728,1.6445,0.113,-1.079521,1.0180,-1.6435,0.039,0.9569466,-0.0297,0.0162,-0.0321,0.0183, 
8.499996,-1.0822,1.6418,0.129,-1.079957,1.0079,-1.6443,0.040,0.956772,-0.0298,0.0161,-0.0312,0.0170, 
8.599997,-1.0776,1.6396,0.139,-1.08001,1.0096,-1.6435,0.039,0.9572259,-0.0299,0.0160,-0.0307,0.0164, 
8.699997,-1.0760,1.6411,0.144,-1.080027,1.0094,-1.6420,0.039,0.9574876,-0.0299,0.0160,-0.0304,0.0161, 
8.799997,-1.0802,1.6384,0.147,-1.08008,1.0072,-1.6436,0.039,0.9574876,-0.0299,0.0160,-0.0303,0.0160, 
8.899998,-1.0783,1.6415,0.148,-1.080114,1.0089,-1.6421,0.039,0.9574353,-0.0299,0.0160,-0.0303,0.0158, 
8.999998,-1.0808,1.6382,0.149,-1.080411,1.0059,-1.6424,0.040,0.9576796,-0.0301,0.0158,-0.0302,0.0159, 
9.099998,-1.0762,1.6377,0.149,-1.080219,1.0090,-1.6422,0.039,0.9576621,-0.0300,0.0159,-0.0302,0.0159, 
9.199999,-1.0756,1.6429,0.149,-1.080202,1.0119,-1.6408,0.039,0.9573829,-0.0299,0.0160,-0.0303,0.0157, 
9.299999,-1.0827,1.6417,0.150,-1.079573,1.0084,-1.6447,0.042,0.9573306,-0.0296,0.0162,-0.0304,0.0156, 
9.4,-1.0794,1.6392,0.150,-1.079853,1.0097,-1.6454,0.041,0.9573306,-0.0298,0.0161,-0.0303,0.0157, 
9.5,-1.0797,1.6396,0.150,-1.07994,1.0113,-1.6427,0.040,0.9574702,-0.0299,0.0160,-0.0303,0.0157, 
9.6,-1.0869,1.6387,0.150,-1.080184,1.0026,-1.6464,0.040,0.9572084,-0.0299,0.0159,-0.0303,0.0157, 
9.700001,-1.0846,1.6361,0.149,-1.080132,1.0058,-1.6458,0.039,0.9574178,-0.0300,0.0159,-0.0302,0.0158, 
9.800001,-1.0812,1.6400,0.150,-1.080114,1.0076,-1.6432,0.045,0.9574876,-0.0300,0.0159,-0.0302,0.0158, 
9.900002,-1.0839,1.6372,0.150,-1.080394,1.0041,-1.6430,0.058,0.9577494,-0.0302,0.0157,-0.0301,0.0159, 
10,-1.0832,1.6402,0.150,-1.080289,1.0048,-1.6416,0.076,0.9577146,-0.0301,0.0158,-0.0302,0.0158, 
10.1,-1.0833,1.6374,0.150,-1.080498,1.0035,-1.6418,0.096,0.9578542,-0.0302,0.0157,-0.0301,0.0159, 
10.2,-1.0795,1.6301,0.150,-1.092768,1.0071,-1.6405,0.117,0.9575924,-0.0301,0.0158,-0.0303,0.0157, 
10.3,-1.0865,1.6096,0.150,-1.110937,1.0016,-1.6447,0.133,0.9574527,-0.0298,0.0161,-0.0305,0.0155, 
10.4,-1.0825,1.5877,0.150,-1.132911,1.0059,-1.6461,0.141,0.957156,-0.0298,0.0160,-0.0306,0.0155, 
10.5,-1.0801,1.5635,0.149,-1.156316,1.0087,-1.6433,0.145,0.9573306,-0.0299,0.0160,-0.0305,0.0155, 
10.6,-1.0863,1.5414,0.150,-1.180628,0.9974,-1.6419,0.147,0.957505,-0.0299,0.0159,-0.0304,0.0156, 
10.7,-1.0842,1.4983,0.149,-1.22016,0.9961,-1.6446,0.148,0.9575225,-0.0299,0.0160,-0.0304,0.0156, 
10.8,-1.0685,1.4493,0.149,-1.270303,1.0100,-1.6413,0.148,0.9575749,-0.0300,0.0160,-0.0304,0.0156, 
10.90001,-1.0664,1.3882,0.149,-1.332384,1.0076,-1.6398,0.149,0.9577146,-0.0300,0.0160,-0.0303,0.0157, 
11.00001,-1.0643,1.3148,0.149,-1.403472,1.0061,-1.6424,0.149,0.95754,-0.0299,0.0160,-0.0304,0.0156, 
11.10001,-1.0603,1.2309,0.149,-1.485136,1.0091,-1.6438,0.149,0.9574178,-0.0299,0.0161,-0.0304,0.0156, 
11.20001,-1.0563,1.1473,0.149,-1.571704,1.0095,-1.6399,0.149,0.9574702,-0.0299,0.0160,-0.0304,0.0156, 
11.30001,-1.0669,1.0592,0.150,-1.658202,0.9991,-1.6459,0.150,0.9571037,-0.0297,0.0162,-0.0306,0.0155, 
11.40001,-1.0634,0.9775,0.150,-1.739971,1.0037,-1.6444,0.150,0.957505,-0.0296,0.0163,-0.0305,0.0155, 
11.50001,-1.0654,0.9012,0.150,-1.814828,0.9990,-1.6439,0.150,0.9573829,-0.0299,0.0160,-0.0305,0.0156, 
11.60001,-1.0638,0.8345,0.150,-1.881814,1.0030,-1.6438,0.150,0.9573306,-0.0296,0.0164,-0.0305,0.0155, 
11.70001,-1.0630,0.7727,0.150,-1.937577,1.0033,-1.6459,0.150,0.9569815,-0.0299,0.0160,-0.0305,0.0155, 
11.80001,-1.0642,0.7344,0.150,-1.977947,1.0037,-1.6410,0.149,0.9575574,-0.0300,0.0160,-0.0304,0.0156, 
11.90001,-1.0662,0.6981,0.150,-2.010741,1.0039,-1.6433,0.149,0.9573131,-0.0300,0.0160,-0.0305,0.0155, 
12.00001,-1.0709,0.6660,0.150,-2.039679,0.9941,-1.6408,0.150,0.9429141,-0.0301,0.0159,-0.0304,0.0157, 
12.10001,-1.0611,0.6360,0.149,-2.066732,0.9996,-1.6359,0.149,0.9201202,-0.0301,0.0159,-0.0304,0.0156, 
12.20001,-1.0615,0.6184,0.150,-2.088321,0.9944,-1.6260,0.149,0.8940624,-0.0300,0.0160,-0.0303,0.0156, 
12.30001,-1.0783,0.6085,0.150,-2.09923,0.9719,-1.6199,0.149,0.8659974,-0.0301,0.0159,-0.0304,0.0157, 
12.40001,-1.0795,0.5995,0.150,-2.10464,0.9671,-1.6147,0.149,0.8371472,-0.0301,0.0160,-0.0303,0.0157, 
12.50001,-1.0757,0.5974,0.150,-2.107223,0.9691,-1.6042,0.149,0.8079478,-0.0301,0.0159,-0.0302,0.0158, 
12.60001,-1.0751,0.5969,0.149,-2.10855,0.9684,-1.5962,0.149,0.7779631,-0.0300,0.0160,-0.0304,0.0156, 
12.70001,-1.0798,0.5923,0.149,-2.109283,0.9604,-1.5912,0.149,0.7481354,-0.0300,0.0160,-0.0303,0.0157, 
12.80001,-1.0738,0.5893,0.150,-2.109667,0.9659,-1.5845,0.149,0.717627,-0.0301,0.0159,-0.0305,0.0155, 
12.90001,-1.0710,0.5926,0.150,-2.109771,0.9663,-1.5722,0.149,0.6878343,-0.0301,0.0159,-0.0305,0.0156, 
13.00001,-1.0859,0.5931,0.150,-2.109911,0.9461,-1.5652,0.149,0.6579193,-0.0301,0.0159,-0.0305,0.0156, 
13.10001,-1.0852,0.5894,0.149,-2.110086,0.9439,-1.5603,0.149,0.6273935,-0.0301,0.0159,-0.0306,0.0154, 
13.20001,-1.0767,0.5899,0.150,-2.109946,0.9522,-1.5496,0.150,0.5973913,-0.0301,0.0158,-0.0307,0.0154, 
13.30001,-1.0805,0.5940,0.150,-2.110016,0.9436,-1.5363,0.149,0.5679476,-0.0302,0.0158,-0.0304,0.0156, 
13.40001,-1.0864,0.5907,0.150,-2.110138,0.9360,-1.5326,0.150,0.5374916,-0.0301,0.0159,-0.0306,0.0155, 
13.50002,-1.0839,0.5918,0.150,-2.109981,0.9347,-1.5203,0.150,0.5083969,-0.0303,0.0157,-0.0303,0.0157, 
13.60002,-1.0856,0.5865,0.148,-2.109632,0.9287,-1.5144,0.148,0.4793023,-0.0304,0.0156,-0.0300,0.0160, 
13.70002,-1.0833,0.5892,0.149,-2.109754,0.9306,-1.5044,0.149,0.4486543,-0.0303,0.0157,-0.0303,0.0158, 
13.80002,-1.0864,0.5932,0.149,-2.109789,0.9251,-1.4939,0.148,0.4186521,-0.0301,0.0159,-0.0302,0.0158, 
13.90002,-1.0890,0.5914,0.136,-2.109789,0.9190,-1.4871,0.149,0.3888768,-0.0302,0.0158,-0.0301,0.0159, 
14.00002,-1.0842,0.5886,0.117,-2.109806,0.9230,-1.4803,0.150,0.3583859,-0.0302,0.0158,-0.0303,0.0157, 
14.10002,-1.0789,0.5907,0.094,-2.109894,0.9228,-1.4710,0.149,0.3283488,-0.0301,0.0159,-0.0303,0.0157, 
14.20002,-1.0714,0.5883,0.069,-2.109771,0.9303,-1.4632,0.149,0.2983291,-0.0300,0.0160,-0.0304,0.0157, 
14.30002,-1.0708,0.5905,0.044,-2.109806,0.9288,-1.4526,0.149,0.2681873,-0.0301,0.0159,-0.0304,0.0156, 
14.40002,-1.0837,0.5911,0.029,-2.109754,0.9111,-1.4469,0.150,0.2382898,-0.0298,0.0162,-0.0304,0.0156, 
14.50002,-1.0835,0.5883,0.019,-2.109824,0.9086,-1.4390,0.149,0.2084098,-0.0299,0.0161,-0.0303,0.0157, 
14.60002,-1.0778,0.5894,0.014,-2.109824,0.9140,-1.4287,0.149,0.1782679,-0.0299,0.0161,-0.0304,0.0156, 
14.70002,-1.0884,0.5943,0.017,-2.115548,0.8944,-1.4172,0.149,0.1487719,-0.0415,0.0055,-0.0302,0.0158, 
14.80002,-1.1102,0.5888,0.013,-2.124973,0.9058,-1.4151,0.149,0.1198692,-0.0505,0.0055,-0.0299,0.0161, 
14.90002,-1.1115,0.5804,0.011,-2.117451,0.9104,-1.4034,0.149,0.0895703,-0.0550,0.0055,-0.0300,0.0160, 
15.00002,-1.0974,0.5851,0.010,-2.113663,0.9114,-1.3894,0.149,0.05918412,-0.0425,0.0108,-0.0301,0.0159, 
15.10002,-1.1161,0.5856,0.013,-2.119563,0.8908,-1.3831,0.149,0.02963569,-0.0501,0.0055,-0.0299,0.0161, 
15.20002,-1.1335,0.5796,0.012,-2.126369,0.8998,-1.3778,0.149,0.0006981317,-0.0550,0.0055,-0.0296,0.0164, 
15.30002,-1.1134,0.5762,0.012,-2.118324,0.9028,-1.3692,0.149,-0.03059562,-0.0429,0.0104,-0.0301,0.0160, 
15.40002,-1.0978,0.5824,0.011,-2.114082,0.9035,-1.3557,0.149,-0.0609818,-0.0365,0.0132,-0.0302,0.0159, 
15.50002,-1.1036,0.5843,0.021,-2.116194,0.8818,-1.3487,0.150,-0.0922232,-0.0307,0.0187,-0.0305,0.0155, 
15.60002,-1.1337,0.5813,0.018,-2.123699,0.8791,-1.3435,0.150,-0.1194154,-0.0550,0.0055,-0.0297,0.0164, 
15.70002,-1.1223,0.5827,0.014,-2.116927,0.8744,-1.3309,0.150,-0.1503078,-0.0426,0.0107,-0.0299,0.0161, 
15.80002,-1.1165,0.5854,0.013,-2.113786,0.8655,-1.3212,0.150,-0.1815142,-0.0366,0.0131,-0.0303,0.0158, 
15.90002,-1.1136,0.5884,0.014,-2.117137,0.8577,-1.3119,0.150,-0.2111674,-0.0339,0.0088,-0.0301,0.0159, 
16.00002,-1.1128,0.5822,0.014,-2.116299,0.8582,-1.3096,0.149,-0.2404191,-0.0492,0.0176,-0.0299,0.0161, 
16.10003,-1.1131,0.5783,0.012,-2.1141,0.8617,-1.3006,0.149,-0.270526,-0.0481,0.0072,-0.0300,0.0161, 
16.20003,-1.1042,0.5840,0.011,-2.112023,0.8617,-1.2857,0.149,-0.3004759,-0.0517,0.0309,-0.0299,0.0161, 
16.30003,-1.1150,0.5818,0.010,-2.115793,0.8525,-1.2808,0.149,-0.3294483,-0.0550,0.0201,-0.0296,0.0164, 
16.40003,-1.1049,0.5835,0.010,-2.112669,0.8558,-1.2721,0.150,-0.3604454,-0.0549,0.0376,-0.0298,0.0162, 
16.50003,-1.0950,0.5868,0.012,-2.111238,0.8509,-1.2602,0.150,-0.390849,-0.0550,0.0312,-0.0300,0.0160, 
16.60003,-1.0979,0.5859,0.013,-2.113314,0.8449,-1.2538,0.150,-0.4199786,-0.0550,0.0373,-0.0298,0.0163, 
16.70003,-1.1015,0.5878,0.015,-2.116648,0.8438,-1.2436,0.150,-0.4497364,-0.0548,0.0370,-0.0297,0.0163, 
16.80003,-1.0929,0.5910,0.011,-2.115165,0.8427,-1.2360,0.149,-0.4804717,-0.0550,0.0304,-0.0298,0.0162, 
16.90003,-1.1030,0.5865,0.011,-2.115426,0.8396,-1.2310,0.149,-0.5099852,-0.0550,0.0303,-0.0297,0.0163, 
17.00003,-1.1096,0.5834,0.010,-2.114239,0.8380,-1.2226,0.149,-0.5401096,-0.0550,0.0282,-0.0298,0.0162, 
17.10003,-1.0989,0.5865,0.010,-2.11218,0.8406,-1.2092,0.149,-0.5706005,-0.0550,0.0414,-0.0300,0.0160, 
17.20003,-1.1113,0.5898,0.013,-2.119441,0.8221,-1.2017,0.149,-0.5999918,-0.0550,0.0343,-0.0298,0.0162, 
17.30003,-1.1336,0.5834,0.011,-2.128726,0.8267,-1.1981,0.149,-0.6278647,-0.0550,0.0207,-0.0295,0.0166, 
17.40003,-1.1172,0.5828,0.014,-2.123472,0.8337,-1.1845,0.149,-0.6585651,-0.0550,0.0289,-0.0296,0.0164, 
17.50003,-1.1339,0.5756,0.011,-2.126282,0.8337,-1.1798,0.149,-0.6872234,-0.0550,0.0254,-0.0294,0.0166, 
17.60003,-1.1130,0.5783,0.011,-2.119074,0.8325,-1.1654,0.150,-0.7183601,-0.0538,0.0277,-0.0296,0.0164, 
17.70003,-1.1067,0.5789,0.016,-2.117329,0.8275,-1.1581,0.150,-0.7498981,-0.0439,0.0392,-0.0298,0.0162, 
17.80003,-1.1129,0.5749,0.010,-2.115741,0.8238,-1.1539,0.150,-0.7787833,-0.0159,0.0388,-0.0297,0.0163, 
17.90003,-1.0917,0.5797,0.023,-2.108602,0.8220,-1.1395,0.150,-0.8100771,-0.0337,0.0442,-0.0300,0.0160, 
18.00003,-1.0930,0.5845,0.044,-2.109754,0.8147,-1.1332,0.150,-0.8422261,-0.0444,0.0495,-0.0301,0.0159, 
18.10003,-1.0934,0.5842,0.066,-2.109806,0.8065,-1.1271,0.149,-0.8711637,-0.0497,0.0521,-0.0301,0.0159, 
18.20003,-1.0919,0.5878,0.088,-2.110365,0.8020,-1.1124,0.147,-0.901131,-0.0529,0.0530,-0.0303,0.0157, 
18.30003,-1.0981,0.5857,0.116,-2.109876,0.7901,-1.1104,0.150,-0.9305572,-0.0538,0.0541,-0.0301,0.0159, 
18.40003,-1.0907,0.5837,0.133,-2.109946,0.7963,-1.1047,0.150,-0.9608037,-0.0545,0.0544,-0.0301,0.0159, 
18.50003,-1.0827,0.5884,0.141,-2.109963,0.8024,-1.0905,0.149,-0.9906139,-0.0547,0.0547,-0.0301,0.0159, 
18.60003,-1.0926,0.5892,0.147,-2.110382,0.7857,-1.0834,0.150,-1.021681,-0.0549,0.0547,-0.0301,0.0159, 
18.70004,-1.0916,0.5882,0.149,-2.109736,0.7800,-1.0771,0.150,-1.050095,-0.0548,0.0549,-0.0301,0.0159, 
18.80004,-1.0856,0.5873,0.149,-2.109911,0.7874,-1.0689,0.149,-1.080464,-0.0548,0.0550,-0.0301,0.0160, 
18.90004,-1.0834,0.5903,0.150,-2.110138,0.7868,-1.0542,0.150,-1.110448,-0.0550,0.0547,-0.0303,0.0158, 
19.00004,-1.0943,0.5950,0.150,-2.110243,0.7668,-1.0418,0.149,-1.140381,-0.0549,0.0549,-0.0302,0.0159, 
19.10004,-1.0886,0.5899,0.149,-2.109806,0.7663,-1.0389,0.149,-1.169179,-0.0550,0.0547,-0.0303,0.0157, 
19.20004,-1.0802,0.5915,0.150,-2.109876,0.7768,-1.0273,0.149,-1.199303,-0.0550,0.0547,-0.0303,0.0157, 
19.30004,-1.0805,0.5871,0.149,-2.109667,0.7726,-1.0219,0.149,-1.229305,-0.0550,0.0545,-0.0304,0.0157, 
19.40004,-1.0790,0.5864,0.150,-2.109841,0.7722,-1.0165,0.149,-1.259796,-0.0550,0.0546,-0.0304,0.0157, 
19.50004,-1.0851,0.5902,0.150,-2.110016,0.7642,-1.0033,0.149,-1.289798,-0.0550,0.0546,-0.0304,0.0157, 
19.60004,-1.0923,0.5931,0.150,-2.110173,0.7519,-0.9913,0.150,-1.319835,-0.0550,0.0545,-0.0305,0.0156, 
19.70004,-1.0917,0.5886,0.149,-2.109824,0.7494,-0.9883,0.149,-1.349192,-0.0550,0.0546,-0.0306,0.0155, 
19.80004,-1.0890,0.5882,0.150,-2.110103,0.7497,-0.9814,0.150,-1.380433,-0.0550,0.0547,-0.0303,0.0158, 
19.90004,-1.0812,0.5913,0.150,-2.110086,0.7574,-0.9688,0.149,-1.410331,-0.0550,0.0548,-0.0303,0.0158, 
20.00004,-1.0857,0.5929,0.150,-2.094011,0.7428,-0.9640,0.149,-1.437715,-0.0550,0.0549,-0.0304,0.0157, 
20.10004,-1.0750,0.5938,0.149,-2.069594,0.7502,-0.9608,0.148,-1.451136,-0.0550,0.0549,-0.0304,0.0157, 
20.20004,-1.0627,0.6000,0.149,-2.041372,0.7610,-0.9535,0.148,-1.45817,-0.0549,0.0550,-0.0304,0.0157, 
20.30004,-1.0608,0.6044,0.149,-2.011265,0.7573,-0.9511,0.148,-1.461678,-0.0549,0.0550,-0.0304,0.0157, 
20.40004,-1.0570,0.6080,0.149,-1.980076,0.7578,-0.9534,0.148,-1.464017,-0.0546,0.0550,-0.0301,0.0160, 
20.50004,-1.0327,0.6083,0.149,-1.948189,0.7835,-0.9535,0.148,-1.465012,-0.0547,0.0550,-0.0301,0.0160, 
20.60004,-1.0174,0.6181,0.149,-1.907139,0.7910,-0.9436,0.148,-1.465029,-0.0550,0.0549,-0.0303,0.0158, 
20.70004,-1.0132,0.6250,0.149,-1.850799,0.7775,-0.9455,0.148,-1.465117,-0.0550,0.0549,-0.0304,0.0157, 
20.80004,-0.9942,0.6314,0.149,-1.786746,0.7825,-0.9480,0.148,-1.465343,-0.0549,0.0550,-0.0304,0.0157, 
20.90004,-0.9783,0.6451,0.150,-1.712657,0.7828,-0.9417,0.148,-1.465186,-0.0549,0.0550,-0.0304,0.0157, 
21.00004,-0.9690,0.6600,0.150,-1.628026,0.7659,-0.9361,0.149,-1.465134,-0.0550,0.0548,-0.0305,0.0155, 
21.10004,-0.9503,0.6686,0.150,-1.534808,0.7613,-0.9421,0.149,-1.465029,-0.0550,0.0549,-0.0306,0.0155, 
21.20004,-0.9119,0.6763,0.150,-1.43103,0.7833,-0.9475,0.148,-1.465291,-0.0549,0.0550,-0.0304,0.0157, 
21.30005,-0.8991,0.6906,0.150,-1.318526,0.7750,-0.9449,0.148,-1.464855,-0.0549,0.0550,-0.0306,0.0155, 
21.40005,-0.8749,0.7061,0.150,-1.197453,0.7707,-0.9438,0.148,-1.464925,-0.0550,0.0549,-0.0305,0.0156, 
21.50005,-0.8588,0.7186,0.150,-1.072819,0.7592,-0.9470,0.148,-1.464488,-0.0550,0.0549,-0.0307,0.0154, 
21.60005,-0.8233,0.7351,0.150,-0.9481152,0.7740,-0.9429,0.148,-1.464436,-0.0550,0.0550,-0.0307,0.0154, 
21.70005,-0.7988,0.7499,0.150,-0.8294678,0.7793,-0.9396,0.135,-1.464087,-0.0548,0.0550,-0.0307,0.0153, 
21.80005,-0.7818,0.7582,0.149,-0.7167892,0.7782,-0.9434,0.116,-1.464087,-0.0548,0.0550,-0.0308,0.0153, 
21.90005,-0.7646,0.7707,0.149,-0.6134483,0.7822,-0.9388,0.093,-1.463825,-0.0548,0.0550,-0.0308,0.0153, 
22.00005,-0.7536,0.7803,0.149,-0.5156749,0.7805,-0.9366,0.069,-1.463633,-0.0549,0.0550,-0.0308,0.0152, 
22.10005,-0.7582,0.7813,0.150,-0.4322483,0.7679,-0.9423,0.045,-1.463389,-0.0550,0.0550,-0.0310,0.0150, 
22.20005,-0.7331,0.7831,0.150,-0.3557504,0.7920,-0.9439,0.031,-1.463668,-0.0549,0.0550,-0.0308,0.0152, 
22.30005,-0.7240,0.7925,0.149,-0.2831273,0.7989,-0.9398,0.024,-1.463581,-0.0546,0.0550,-0.0307,0.0153, 
22.40005,-0.7333,0.7951,0.149,-0.2309943,0.7885,-0.9397,0.021,-1.463843,-0.0548,0.0550,-0.0307,0.0153, 
22.50005,-0.7447,0.7922,0.149,-0.1884607,0.7774,-0.9429,0.019,-1.463389,-0.0549,0.0550,-0.0309,0.0151, 
22.60005,-0.7379,0.7949,0.150,-0.1508314,0.7881,-0.9383,0.018,-1.463179,-0.0550,0.0550,-0.0309,0.0150, 
22.70005,-0.7412,0.7947,0.149,-0.1157502,0.7879,-0.9407,0.018,-1.463441,-0.0550,0.0550,-0.0308,0.0151, 
22.80005,-0.7411,0.7970,0.150,-0.08185595,0.7894,-0.9371,0.017,-1.463162,-0.0550,0.0550,-0.0309,0.0150, 
22.90005,-0.7535,0.7990,0.150,-0.04897394,0.7741,-0.9371,0.017,-1.463266,-0.0550,0.0547,-0.0310,0.0149, 
23.00005,-0.7582,0.7957,0.149,-0.02445206,0.7729,-0.9440,0.017,-1.463633,-0.0548,0.0550,-0.0308,0.0152, 
23.10005,-0.7446,0.7900,0.149,-0.01197296,0.7945,-0.9458,0.017,-1.463598,-0.0549,0.0550,-0.0307,0.0152, 
23.20005,-0.7442,0.7918,0.149,-0.006038839,0.8013,-0.9389,0.017,-1.463144,-0.0550,0.0550,-0.0309,0.0151, 
23.30005,-0.7595,0.7890,0.149,-0.00312414,0.7893,-0.9406,0.017,-1.463022,-0.0550,0.0550,-0.0309,0.0150, 
23.40005,-0.7642,0.7842,0.149,-0.001518436,0.7897,-0.9442,0.017,-1.463302,-0.0550,0.0550,-0.0309,0.0151, 
23.50005,-0.7637,0.7838,0.149,-0.0007504916,0.7958,-0.9429,0.017,-1.463616,-0.0550,0.0549,-0.0308,0.0152, 
23.60005,-0.7682,0.7842,0.149,-0.0004014257,0.7951,-0.9421,0.018,-1.463808,-0.0550,0.0549,-0.0307,0.0153, 
23.70005,-0.7721,0.7830,0.149,-0.0002792527,0.7905,-0.9422,0.017,-1.463336,-0.0550,0.0549,-0.0309,0.0151, 
23.80005,-0.7659,0.7837,0.149,-0.000122173,0.7994,-0.9386,0.017,-1.46304,-0.0550,0.0550,-0.0355,0.0220, 
23.90005,-0.7668,0.7849,0.149,-6.981317E-05,0.8001,-0.9367,0.017,-1.462987,-0.0550,0.0550,-0.0422,0.0325, 
24.00006,-0.7753,0.7864,0.149,-0.0001919862,0.7908,-0.9348,0.017,-1.462848,-0.0550,0.0550,-0.0491,0.0432, 
24.10006,-0.7812,0.7823,0.149,-0.0002617994,0.7846,-0.9401,0.017,-1.463127,-0.0550,0.0548,-0.0525,0.0487, 
24.20006,-0.7678,0.7780,0.149,8.726646E-05,0.8024,-0.9439,0.017,-1.463563,-0.0550,0.0550,-0.0541,0.0515, 
24.30006,-0.7718,0.7800,0.149,5.235988E-05,0.8005,-0.9399,0.017,-1.463197,-0.0550,0.0550,-0.0550,0.0527, 
24.40006,-0.7823,0.7788,0.149,-3.490658E-05,0.7894,-0.9436,0.017,-1.463546,-0.0550,0.0550,-0.0550,0.0536, 
24.50006,-0.7803,0.7757,0.149,0.000122173,0.7917,-0.9462,0.017,-1.463371,-0.0549,0.0550,-0.0550,0.0539, 
24.60006,-0.7737,0.7737,0.149,0.0002792527,0.8004,-0.9482,0.017,-1.463581,-0.0549,0.0550,-0.0550,0.0541, 
24.70006,-0.7851,0.7829,0.150,-0.01232202,0.7968,-0.9411,0.018,-1.46283,-0.0550,0.0547,-0.0550,0.0538, 
24.80006,-0.8057,0.7918,0.124,-0.03302163,0.7784,-0.9312,0.000,-1.462184,-0.0550,0.0527,-0.0550,0.0533, 
24.90006,-0.8089,0.7959,0.142,-0.01692969,0.7782,-0.9443,0.014,-1.467979,-0.0550,0.0537,-0.0537,0.0550, 
25.00006,-0.8008,0.7913,0.146,-0.008691739,0.7741,-0.9391,0.016,-1.465658,-0.0550,0.0541,-0.0549,0.0545, 
25.10006,-0.7934,0.7826,0.145,-0.004276057,0.7754,-0.9424,0.014,-1.464,-0.0550,0.0543,-0.0550,0.0540, 
25.20006,-0.7900,0.7897,0.148,-0.01364847,0.7908,-0.9428,0.016,-1.46393,-0.0550,0.0547,-0.0550,0.0542, 
25.30006,-0.7999,0.8015,0.148,-0.03001966,0.7941,-0.9432,0.016,-1.463546,-0.0549,0.0549,-0.0550,0.0542, 
25.40006,-0.8076,0.8203,0.149,-0.04995132,0.7998,-0.9393,0.017,-1.463127,-0.0549,0.0549,-0.0550,0.0541, 
25.50006,-0.8231,0.8362,0.149,-0.07152359,0.7966,-0.9435,0.017,-1.463336,-0.0549,0.0550,-0.0550,0.0542, 
25.60006,-0.8369,0.8596,0.149,-0.0993965,0.7992,-0.9431,0.017,-1.463266,-0.0548,0.0550,-0.0550,0.0543, 
25.70006,-0.8593,0.9004,0.149,-0.1417905,0.8038,-0.9378,0.030,-1.463371,-0.0547,0.0550,-0.0550,0.0544, 
25.80006,-0.8991,0.9429,0.150,-0.1941155,0.7944,-0.9437,0.051,-1.463232,-0.0542,0.0550,-0.0550,0.0545, 
25.90006,-0.9255,0.9932,0.150,-0.257663,0.8008,-0.9450,0.073,-1.463685,-0.0549,0.0546,-0.0550,0.0542, 
26.00006,-0.9419,1.0636,0.149,-0.3316824,0.8222,-0.9361,0.096,-1.463511,-0.0549,0.0548,-0.0550,0.0542, 
26.10006,-0.9929,1.1331,0.149,-0.411601,0.8074,-0.9416,0.120,-1.463825,-0.0547,0.0550,-0.0550,0.0545, 
26.20006,-1.0177,1.2047,0.148,-0.4917465,0.8174,-0.9463,0.133,-1.464226,-0.0544,0.0550,-0.0549,0.0548, 
26.30006,-1.0430,1.2810,0.148,-0.5683315,0.8183,-0.9412,0.140,-1.46372,-0.0540,0.0550,-0.0549,0.0548, 
26.40006,-1.0634,1.3456,0.147,-0.6357886,0.8150,-0.9481,0.143,-1.464925,-0.0539,0.0550,-0.0544,0.0550, 
26.50006,-1.0667,1.4081,0.147,-0.6975034,0.8205,-0.9475,0.145,-1.465099,-0.0541,0.0550,-0.0546,0.0550, 
26.60007,-1.0542,1.4601,0.149,-0.7411366,0.8251,-0.9379,0.147,-1.464942,-0.0548,0.0547,-0.0550,0.0547, 
26.70007,-1.0630,1.4984,0.150,-0.7750134,0.7973,-0.9369,0.148,-1.465117,-0.0550,0.0541,-0.0550,0.0543, 
26.80007,-1.0558,1.5325,0.149,-0.8027816,0.7923,-0.9361,0.148,-1.464279,-0.0550,0.0545,-0.0550,0.0542, 
26.90007,-1.0530,1.5591,0.148,-0.8278446,0.7924,-0.9460,0.147,-1.464663,-0.0545,0.0550,-0.0548,0.0547, 
27.00007,-1.0409,1.5900,0.148,-0.8494692,0.7992,-0.9410,0.147,-1.464872,-0.0542,0.0550,-0.0547,0.0550, 
27.10007,-1.0332,1.6017,0.149,-0.8612676,0.7875,-0.9422,0.148,-1.464523,-0.0547,0.0548,-0.0550,0.0546, 
27.20007,-1.0184,1.6158,0.149,-0.8665909,0.7897,-0.9402,0.148,-1.465047,-0.0546,0.0550,-0.0549,0.0548, 
27.30007,-1.0060,1.6202,0.148,-0.86879,0.7920,-0.9463,0.147,-1.46489,-0.0544,0.0550,-0.0549,0.0549, 
27.40007,-0.9917,1.6305,0.149,-0.8699943,0.7964,-0.9399,0.147,-1.464837,-0.0542,0.0550,-0.0548,0.0550, 
27.50007,-0.9887,1.6322,0.148,-0.8708669,0.7944,-0.9493,0.147,-1.466251,-0.0538,0.0550,-0.0542,0.0550, 
27.60007,-0.9848,1.6299,0.148,-0.8711461,0.7932,-0.9524,0.147,-1.465605,-0.0541,0.0550,-0.0546,0.0549, 
27.70007,-0.9727,1.6367,0.149,-0.8714952,0.7978,-0.9427,0.147,-1.465221,-0.0544,0.0550,-0.0548,0.0548, 
27.80007,-0.9746,1.6350,0.149,-0.8718967,0.7906,-0.9415,0.148,-1.449793,-0.0547,0.0549,-0.0550,0.0546, 
27.90007,-0.9694,1.6369,0.149,-0.8718618,0.7961,-0.9373,0.148,-1.427295,-0.0547,0.0550,-0.0550,0.0546, 
28.00007,-0.9688,1.6368,0.149,-0.8718443,0.8012,-0.9302,0.148,-1.400836,-0.0548,0.0549,-0.0550,0.0545, 
28.10007,-0.9719,1.6367,0.149,-0.8720363,0.7968,-0.9299,0.148,-1.373068,-0.0549,0.0549,-0.0550,0.0546, 
28.20007,-0.9705,1.6345,0.149,-0.8719665,0.8012,-0.9286,0.148,-1.344043,-0.0549,0.0549,-0.0550,0.0545, 
28.30007,-0.9635,1.6371,0.149,-0.8721759,0.8119,-0.9224,0.148,-1.315088,-0.0550,0.0548,-0.0550,0.0547, 
28.40007,-0.9661,1.6368,0.149,-0.8723505,0.8105,-0.9204,0.148,-1.285662,-0.0550,0.0548,-0.0550,0.0547, 
28.50007,-0.9639,1.6391,0.148,-0.8727519,0.8100,-0.9093,0.147,-1.255555,-0.0550,0.0545,-0.0550,0.0545, 
28.60007,-0.9641,1.6401,0.149,-0.8725424,0.8099,-0.9064,0.148,-1.225623,-0.0550,0.0546,-0.0550,0.0547, 
28.70007,-0.9657,1.6385,0.138,-0.8722632,0.8038,-0.9050,0.148,-1.195166,-0.0550,0.0548,-0.0550,0.0546, 
28.80007,-0.9518,1.6378,0.122,-0.8720189,0.8233,-0.9041,0.148,-1.165321,-0.0549,0.0549,-0.0550,0.0547, 
28.90007,-0.9592,1.6376,0.102,-0.8719316,0.8184,-0.8966,0.148,-1.134953,-0.0549,0.0549,-0.0550,0.0546, 
29.00007,-0.9665,1.6391,0.082,-0.8720537,0.8051,-0.8931,0.148,-1.105038,-0.0549,0.0549,-0.0550,0.0546, 
29.10007,-0.9667,1.6381,0.066,-0.8720014,0.8006,-0.8921,0.148,-1.074878,-0.0549,0.0549,-0.0550,0.0546, 
29.20008,-0.9550,1.6426,0.060,-0.8717745,0.8199,-0.8870,0.150,-1.046115,-0.0547,0.0550,-0.0548,0.0550, 
29.30008,-0.9568,1.6435,0.055,-0.8720014,0.8157,-0.8780,0.149,-1.015659,-0.0548,0.0550,-0.0549,0.0549, 
29.40008,-0.9594,1.6425,0.052,-0.8720189,0.8126,-0.8774,0.149,-0.9856049,-0.0548,0.0550,-0.0550,0.0548, 
29.50008,-0.9621,1.6401,0.051,-0.8720537,0.8054,-0.8769,0.148,-0.9552013,-0.0548,0.0550,-0.0550,0.0548, 
29.60008,-0.9497,1.6392,0.050,-0.8718268,0.8266,-0.8769,0.148,-0.9254259,-0.0547,0.0550,-0.0550,0.0549, 
29.70008,-0.9458,1.6426,0.050,-0.8717047,0.8309,-0.8670,0.148,-0.8954412,-0.0548,0.0550,-0.0549,0.0549, 
29.80008,-0.9540,1.6441,0.050,-0.8719141,0.8137,-0.8588,0.148,-0.8652295,-0.0549,0.0550,-0.0550,0.0548, 
29.90008,-0.9588,1.6414,0.050,-0.8719316,0.8053,-0.8609,0.148,-0.8350004,-0.0549,0.0550,-0.0550,0.0548, 
30.00008,-0.9513,1.6431,0.050,-0.871949,0.8182,-0.8553,0.148,-0.8053123,-0.0550,0.0550,-0.0550,0.0549, 
30.10008,-0.9528,1.6428,0.050,-0.8720189,0.8149,-0.8487,0.147,-0.7749611,-0.0549,0.0550,-0.0550,0.0548, 
30.20008,-0.9547,1.6431,0.050,-0.8720014,0.8102,-0.8465,0.148,-0.7449938,-0.0549,0.0550,-0.0550,0.0548, 
30.30008,-0.9533,1.6400,0.049,-0.8719316,0.8150,-0.8500,0.148,-0.7150614,-0.0549,0.0550,-0.0550,0.0548, 
30.40008,-0.9556,1.6422,0.050,-0.8719316,0.8161,-0.8429,0.148,-0.685286,-0.0549,0.0550,-0.0550,0.0549, 
30.50008,-0.9631,1.6422,0.050,-0.8720189,0.8008,-0.8361,0.147,-0.654865,-0.0549,0.0550,-0.0550,0.0549, 
30.60008,-0.9653,1.6394,0.049,-0.8719665,0.7963,-0.8395,0.148,-0.6247581,-0.0549,0.0550,-0.0550,0.0549, 
30.70008,-0.9509,1.6383,0.049,-0.8717221,0.8215,-0.8416,0.148,-0.5951747,-0.0549,0.0550,-0.0550,0.0550, 
30.80008,-0.9603,1.6371,0.049,-0.8717396,0.8135,-0.8356,0.148,-0.5649107,-0.0505,0.0480,-0.0550,0.0550, 
30.90008,-0.9642,1.6369,0.049,-0.8717745,0.8117,-0.8294,0.148,-0.5347689,-0.0438,0.0375,-0.0550,0.0550, 
31.00008,-0.9726,1.6435,0.046,-0.8705004,0.8075,-0.8359,0.145,-0.5075068,-0.0359,0.0278,-0.0548,0.0550, 
31.10008,-0.9715,1.6391,0.048,-0.8711985,0.7970,-0.8306,0.147,-0.4757768,-0.0331,0.0219,-0.0548,0.0550, 
31.20008,-0.9619,1.6396,0.049,-0.8713033,0.8091,-0.8252,0.148,-0.4453033,-0.0315,0.0190,-0.0548,0.0550, 
31.30008,-0.9597,1.6396,0.049,-0.8718793,0.8107,-0.8158,0.148,-0.4151964,-0.0309,0.0173,-0.0549,0.0550, 
31.40008,-0.9593,1.6412,0.049,-0.8720363,0.8120,-0.8090,0.148,-0.3853861,-0.0306,0.0166,-0.0549,0.0549, 
31.50008,-0.9629,1.6439,0.053,-0.8709368,0.8067,-0.8066,0.150,-0.3551396,-0.0299,0.0167,-0.0548,0.0550, 
31.60008,-0.9635,1.6394,0.051,-0.8714429,0.8054,-0.8099,0.149,-0.3250676,-0.0300,0.0163,-0.0549,0.0550, 
31.70008,-0.9625,1.6408,0.050,-0.8726472,0.8053,-0.7983,0.148,-0.2955191,-0.0306,0.0156,-0.0550,0.0548, 
31.80009,-0.9639,1.6414,0.050,-0.8723679,0.8007,-0.7945,0.148,-0.2653075,-0.0303,0.0158,-0.0549,0.0550, 
31.90009,-0.9667,1.6386,0.049,-0.8721585,0.7955,-0.7973,0.148,-0.2350609,-0.0302,0.0159,-0.0548,0.0550, 
32.00008,-0.9534,1.6394,0.051,-0.8718094,0.8162,-0.7941,0.150,-0.2048842,-0.0301,0.0159,-0.0548,0.0550, 
32.10008,-0.9564,1.6418,0.051,-0.8729613,0.8138,-0.7870,0.150,-0.1770287,-0.0302,0.0158,-0.0550,0.0546, 
32.20008,-0.9474,1.6424,0.050,-0.8724726,0.8237,-0.7795,0.148,-0.1460317,-0.0301,0.0160,-0.0549,0.0549, 
32.30008,-0.9545,1.6413,0.050,-0.8721759,0.8131,-0.7822,0.148,-0.1157502,-0.0300,0.0161,-0.0549,0.0550, 
32.40008,-0.9587,1.6378,0.050,-0.8720189,0.8111,-0.7843,0.148,-0.08532915,-0.0300,0.0160,-0.0548,0.0550, 
32.50008,-0.9551,1.6397,0.049,-0.8720887,0.8131,-0.7751,0.148,-0.05516986,-0.0301,0.0160,-0.0548,0.0550, 
32.60007,-0.9537,1.6431,0.049,-0.8726472,0.8111,-0.7631,0.147,-0.0272795,-0.0304,0.0156,-0.0548,0.0550, 
32.70007,-0.9608,1.6445,0.061,-0.8701164,0.8099,-0.7769,0.148,-0.01315978,-0.0290,0.0171,-0.0549,0.0550, 
32.80007,-0.9622,1.6433,0.077,-0.8709018,0.7990,-0.7737,0.148,-0.005829399,-0.0294,0.0166,-0.0547,0.0550, 
32.90007,-0.9615,1.6407,0.096,-0.8716872,0.7905,-0.7761,0.147,-0.002216568,-0.0299,0.0161,-0.0546,0.0550, 
33.00007,-0.9524,1.6434,0.118,-0.871792,0.8024,-0.7747,0.149,-0.001029744,-0.0297,0.0162,-0.0548,0.0550, 
33.10007,-0.9555,1.6430,0.136,-0.8711637,0.8000,-0.7791,0.150,0,-0.0294,0.0165,-0.0548,0.0550, 
33.20007,-0.9544,1.6412,0.143,-0.8714778,0.7990,-0.7811,0.149,0.0006283185,-0.0296,0.0163,-0.0547,0.0550, 
33.30006,-0.9564,1.6410,0.146,-0.8720887,0.7947,-0.7755,0.148,0.001029744,-0.0300,0.0159,-0.0546,0.0550, 
33.40006,-0.9698,1.6444,0.147,-0.8720537,0.7678,-0.7678,0.147,0.00153589,-0.0298,0.0160,-0.0544,0.0550, 
33.50006,-0.9596,1.6414,0.146,-0.8727694,0.7749,-0.7748,0.146,0.00122173,-0.0304,0.0155,-0.0545,0.0550, 
33.60006,-0.9549,1.6306,0.131,-0.8749161,0.7713,-0.7641,0.129,0.004694935,-0.0320,0.0139,-0.0534,0.0550, 
33.70006,-0.9541,1.6336,0.140,-0.8733453,0.7856,-0.7751,0.138,0.003106686,-0.0309,0.0150,-0.0540,0.0550, 
33.80006,-0.9548,1.6398,0.145,-0.8723679,0.7920,-0.7741,0.143,0.002164208,-0.0301,0.0157,-0.0543,0.0550, 
33.90005,-0.9743,1.6473,0.150,-0.8704131,0.8060,-0.8064,0.150,0.03761185,-0.0285,0.0173,-0.0550,0.0542, 
34.00005,-0.9771,1.6484,0.150,-0.8696626,0.8239,-0.8275,0.150,0.06948156,-0.0281,0.0178,-0.0550,0.0540, 
34.10005,-0.9800,1.6491,0.150,-0.8696801,0.8360,-0.8452,0.150,0.09777335,-0.0279,0.0179,-0.0550,0.0537, 
34.20005,-0.9824,1.6486,0.150,-0.8704306,0.8458,-0.8633,0.150,0.1258557,-0.0282,0.0177,-0.0550,0.0534, 
34.30005,-0.9820,1.6482,0.150,-0.870483,0.8569,-0.8801,0.150,0.1555612,-0.0282,0.0176,-0.0550,0.0534, 
34.40005,-0.9791,1.6477,0.150,-0.870483,0.8704,-0.8988,0.150,0.1851445,-0.0282,0.0176,-0.0550,0.0533, 
34.50005,-0.9767,1.6478,0.150,-0.8707796,0.8837,-0.9177,0.150,0.2142043,-0.0283,0.0176,-0.0550,0.0530, 
34.60004,-0.9710,1.6396,0.150,-0.8712859,0.8907,-0.9327,0.149,0.246999,-0.0291,0.0167,-0.0548,0.0542, 
34.70004,-0.9614,1.6405,0.150,-0.8716174,0.9041,-0.9415,0.150,0.2783276,-0.0296,0.0163,-0.0547,0.0547, 
34.80004,-0.9538,1.6272,0.150,-0.8695754,0.9102,-0.9589,0.150,0.3083997,-0.0296,0.0162,-0.0550,0.0547, 
34.90004,-0.9383,1.6035,0.150,-0.8664338,0.9225,-0.9796,0.150,0.3391698,-0.0298,0.0161,-0.0547,0.0550, 
35.00004,-0.9219,1.5817,0.149,-0.8635016,0.9317,-0.9901,0.148,0.3693466,-0.0301,0.0157,-0.0546,0.0550, 
35.10004,-0.9117,1.5569,0.150,-0.8591383,0.9395,-1.0101,0.150,0.399471,-0.0299,0.0159,-0.0547,0.0550, 
35.20004,-0.9093,1.5274,0.150,-0.8550543,0.9364,-1.0312,0.149,0.4295604,-0.0298,0.0160,-0.0546,0.0550, 
35.30003,-0.8856,1.4950,0.150,-0.8507258,0.9618,-1.0550,0.149,0.4590216,-0.0297,0.0161,-0.0550,0.0548, 
35.40003,-0.8647,1.4487,0.149,-0.8442332,0.9635,-1.0629,0.148,0.4894776,-0.0304,0.0155,-0.0546,0.0550, 
35.50003,-0.8457,1.3918,0.150,-0.8350703,0.9612,-1.0849,0.150,0.5201954,-0.0301,0.0158,-0.0543,0.0550, 
35.60003,-0.8123,1.3258,0.150,-0.8242667,0.9759,-1.1021,0.150,0.5502849,-0.0297,0.0162,-0.0544,0.0550, 
35.70003,-0.7791,1.2499,0.150,-0.8130442,0.9797,-1.1165,0.150,0.5805489,-0.0298,0.0161,-0.0542,0.0550, 
35.80003,-0.7451,1.1616,0.150,-0.8001288,0.9832,-1.1343,0.150,0.6112143,-0.0298,0.0161,-0.0539,0.0550, 
35.90002,-0.6980,1.0619,0.150,-0.7857472,0.9963,-1.1561,0.150,0.6426302,-0.0298,0.0162,-0.0532,0.0550, 
36.00002,-0.6381,0.9562,0.150,-0.7712959,1.0214,-1.1679,0.150,0.6726325,-0.0308,0.0151,-0.0530,0.0550, 
36.10002,-0.5901,0.8474,0.150,-0.7550818,1.0356,-1.1864,0.149,0.7019889,-0.0308,0.0152,-0.0533,0.0550, 
36.20002,-0.5564,0.7385,0.150,-0.7386233,1.0340,-1.2030,0.149,0.7319911,-0.0304,0.0155,-0.0534,0.0550, 
36.30002,-0.5456,0.6213,0.150,-0.7226012,1.0175,-1.2315,0.149,0.7620631,-0.0302,0.0158,-0.0535,0.0550, 
36.40002,-0.4983,0.5214,0.150,-0.7079056,1.0476,-1.2493,0.149,0.790861,-0.0300,0.0159,-0.0541,0.0550, 
36.50002,-0.4698,0.4271,0.150,-0.6940302,1.0565,-1.2642,0.148,0.8214043,-0.0300,0.0160,-0.0540,0.0550, 
36.60001,-0.4464,0.3367,0.150,-0.6817954,1.0672,-1.2853,0.148,0.8513018,-0.0300,0.0160,-0.0541,0.0550, 
36.70001,-0.4306,0.2568,0.150,-0.6705555,1.0767,-1.3061,0.148,0.881304,-0.0297,0.0163,-0.0543,0.0550, 
36.80001,-0.4142,0.1875,0.149,-0.6614274,1.0876,-1.3190,0.147,0.9109397,-0.0310,0.0150,-0.0542,0.0550, 
36.90001,-0.4151,0.1304,0.150,-0.6542541,1.0940,-1.3432,0.148,0.9411165,-0.0304,0.0156,-0.0544,0.0550, 
37.00001,-0.4155,0.0812,0.150,-0.6482851,1.1038,-1.3632,0.149,0.9720437,-0.0302,0.0159,-0.0540,0.0550, 
37.10001,-0.4169,0.0486,0.149,-0.6438868,1.1135,-1.3747,0.148,1.001383,-0.0310,0.0150,-0.0540,0.0550, 
37.2,-0.4201,0.0090,0.150,-0.6391395,1.1181,-1.3966,0.149,1.031926,-0.0306,0.0154,-0.0539,0.0550, 
37.3,-0.4158,0.03 ,0.150,-0.6345843,1.1302,-1.4159,0.150,1.06102,-0.0303,0.0158,-0.0539,0.0550, 
37.4,-0.4141,0.05 ,0.149,-0.6313379,1.1434,-1.4328,0.148,1.087689,-0.0305,0.0156,-0.0542,0.0550, 
37.5,-0.4253,0.07 ,0.149,-0.6298719,1.1454,-1.4446,0.147,1.113607,-0.0311,0.0149,-0.0542,0.0550, 
37.6,-0.4438,0.08 ,0.150,-0.6289643,1.1409,-1.4654,0.150,1.140433,-0.0306,0.0154,-0.0543,0.0550, 
37.7,-0.4506,0.09 ,0.150,-0.6283534,1.1501,-1.4834,0.150,1.166613,-0.0305,0.0156,-0.0542,0.0550, 
37.8,-0.4542,0.09 ,0.149,-0.6281789,1.1583,-1.4924,0.148,1.186597,-0.0306,0.0154,-0.0542,0.0550, 
37.89999,-0.4601,0.10 ,0.150,-0.627952,1.1559,-1.5026,0.149,1.196441,-0.0306,0.0154,-0.0542,0.0550, 
37.99999,-0.4621,0.10 ,0.150,-0.627952,1.1570,-1.5084,0.150,1.201834,-0.0302,0.0158,-0.0543,0.0550, 
38.09999,-0.4650,0.10 ,0.150,-0.6279694,1.1556,-1.5077,0.149,1.204242,-0.0304,0.0156,-0.0543,0.0550, 
38.19999,-0.4751,0.10 ,0.150,-0.6281091,1.1457,-1.5125,0.149,1.205464,-0.0301,0.0159,-0.0546,0.0550, 
38.29999,-0.4782,0.10 ,0.150,-0.6281091,1.1415,-1.5151,0.148,1.206232,-0.0300,0.0160,-0.0545,0.0550, 
38.39999,-0.4698,0.11 ,0.150,-0.6278298,1.1543,-1.5179,0.149,1.206546,-0.0297,0.0163,-0.0546,0.0550, 
38.49998,-0.4699,0.10 ,0.149,-0.6279694,1.1550,-1.5142,0.148,1.206284,-0.0301,0.0159,-0.0546,0.0550, 
38.59998,-0.4758,0.10 ,0.150,-0.6280568,1.1478,-1.5154,0.148,1.206494,-0.0300,0.0160,-0.0547,0.0550, 
38.69998,-0.4791,0.10 ,0.149,-0.6280916,1.1426,-1.5166,0.148,1.206756,-0.0300,0.0160,-0.0546,0.0550, 
38.79998,-0.4759,0.10 ,0.149,-0.6280568,1.1482,-1.5150,0.148,1.206703,-0.0300,0.0160,-0.0546,0.0550, 
38.89998,-0.4792,0.10 ,0.149,-0.6279869,1.1453,-1.5177,0.148,1.206546,-0.0300,0.0160,-0.0546,0.0550, 
38.99998,-0.4808,0.10 ,0.149,-0.6280218,1.1450,-1.5150,0.148,1.206773,-0.0300,0.0160,-0.0546,0.0550, 
39.09998,-0.4838,0.10 ,0.137,-0.6279869,1.1414,-1.5181,0.148,1.20679,-0.0299,0.0161,-0.0546,0.0550, 
39.19997,-0.4818,0.11 ,0.118,-0.6278997,1.1441,-1.5193,0.148,1.206703,-0.0299,0.0162,-0.0546,0.0550, 
39.29997,-0.4819,0.11 ,0.096,-0.6278997,1.1453,-1.5180,0.148,1.206249,-0.0302,0.0158,-0.0546,0.0550, 
39.39997,-0.4846,0.11 ,0.072,-0.6280043,1.1429,-1.5186,0.148,1.206302,-0.0301,0.0159,-0.0546,0.0550, 
39.49997,-0.4831,0.11 ,0.048,-0.6279346,1.1453,-1.5186,0.138,1.206511,-0.0302,0.0158,-0.0546,0.0550, 
39.59997,-0.4818,0.10 ,0.034,-0.627952,1.1477,-1.5149,0.121,1.206703,-0.0302,0.0157,-0.0545,0.0550, 
39.69997,-0.4921,0.10 ,0.027,-0.6281265,1.1355,-1.5166,0.102,1.206843,-0.0301,0.0158,-0.0545,0.0550, 
39.79996,-0.4912,0.11 ,0.022,-0.6281615,1.1376,-1.5205,0.081,1.20693,-0.0297,0.0163,-0.0546,0.0550, 
39.89996,-0.4752,0.11 ,0.021,-0.6278822,1.1562,-1.5224,0.067,1.206075,-0.0297,0.0163,-0.0547,0.0550, 
39.99996,-0.4750,0.10 ,0.020,-0.6279171,1.1563,-1.5162,0.058,1.206476,-0.0300,0.0160,-0.0546,0.0550, 
40.09996,-0.4905,0.11 ,0.017,-0.6250373,1.1451,-1.5203,0.048,1.206599,-0.0349,0.0181,-0.0547,0.0550, 
40.19996,-0.4888,0.11 ,0.018,-0.6258577,1.1452,-1.5214,0.043,1.206424,-0.0345,0.0057,-0.0547,0.0550, 
40.29996,-0.4879,0.11 ,0.018,-0.6269048,1.1464,-1.5159,0.039,1.206721,-0.0323,0.0108,-0.0546,0.0550, 
40.39996,-0.4931,0.11 ,0.019,-0.6275157,1.1397,-1.5176,0.039,1.206668,-0.0312,0.0133,-0.0546,0.0550, 
40.49995,-0.4934,0.10 ,0.019,-0.6278124,1.1389,-1.5156,0.038,1.20686,-0.0306,0.0146,-0.0546,0.0550, 
40.59995,-0.4914,0.11 ,0.019,-0.6279869,1.1390,-1.5186,0.038,1.206563,-0.0303,0.0153,-0.0547,0.0550, 
40.69995,-0.4773,0.11 ,0.020,-0.62776,1.1550,-1.5202,0.039,1.206424,-0.0300,0.0159,-0.0547,0.0550, 
40.79995,-0.4766,0.11 ,0.020,-0.627952,1.1554,-1.5172,0.039,1.206319,-0.0300,0.0159,-0.0547,0.0550, 
40.89995,-0.4811,0.11 ,0.020,-0.6279694,1.1481,-1.5181,0.038,1.206302,-0.0300,0.0159,-0.0546,0.0550, 
40.99995,-0.4845,0.10 ,0.020,-0.6280568,1.1459,-1.5159,0.038,1.206756,-0.0299,0.0160,-0.0547,0.0550, 
41.09995,-0.4847,0.10 ,0.017,-0.6272364,1.1414,-1.5147,0.038,1.20679,-0.0262,0.0198,-0.0547,0.0550, 
41.19994,-0.4758,0.11 ,0.019,-0.6236934,1.1358,-1.5203,0.038,1.206424,-0.0550,0.0055,-0.0548,0.0549, 
41.29994,-0.4715,0.10 ,0.019,-0.6258402,1.1469,-1.5177,0.038,1.206302,-0.0515,0.0247,-0.0548,0.0550, 
41.39994,-0.4770,0.10 ,0.019,-0.626992,1.1433,-1.5145,0.038,1.20679,-0.0532,0.0399,-0.0547,0.0550, 
41.49994,-0.4841,0.10 ,0.019,-0.6275855,1.1382,-1.5153,0.038,1.20686,-0.0540,0.0474,-0.0502,0.0481, 
41.59994,-0.4874,0.10 ,0.018,-0.6277251,1.1352,-1.5160,0.037,1.207471,-0.0543,0.0514,-0.0434,0.0378, 
41.69994,-0.4833,0.10 ,0.019,-0.6278647,1.1410,-1.5139,0.037,1.207314,-0.0545,0.0533,-0.0365,0.0271, 
41.79993,-0.4850,0.10 ,0.019,-0.6280218,1.1397,-1.5153,0.038,1.206878,-0.0548,0.0540,-0.0331,0.0217, 
41.89993,-0.4835,0.10 ,0.019,-0.6280568,1.1415,-1.5149,0.038,1.206878,-0.0548,0.0545,-0.0314,0.0191, 
41.99993,-0.4841,0.10 ,0.019,-0.6280916,1.1409,-1.5142,0.038,1.207035,-0.0548,0.0547,-0.0305,0.0178, 
42.09993,-0.4891,0.10 ,0.019,-0.6280742,1.1363,-1.5179,0.038,1.206895,-0.0549,0.0549,-0.0301,0.0171, 
42.19993,-0.4796,0.10 ,0.019,-0.6279346,1.1488,-1.5155,0.038,1.206913,-0.0548,0.0550,-0.0299,0.0167, 
42.29993,-0.4761,0.10 ,0.019,-0.627952,1.1527,-1.5145,0.038,1.206599,-0.0548,0.0550,-0.0298,0.0165, 
42.39993,-0.4966,0.10 ,0.024,-0.6280043,1.1344,-1.5124,0.038,1.207052,-0.0417,0.0550,-0.0296,0.0166, 
42.49992,-0.4799,0.10 ,0.022,-0.6246009,1.1331,-1.5175,0.038,1.206354,-0.0550,0.0298,-0.0298,0.0163, 
42.59992,-0.4772,0.11 ,0.020,-0.626259,1.1409,-1.5188,0.038,1.20618,-0.0549,0.0424,-0.0299,0.0163, 
42.69992,-0.4794,0.10 ,0.020,-0.6270968,1.1435,-1.5163,0.038,1.206441,-0.0550,0.0487,-0.0298,0.0164, 
42.79992,-0.4861,0.11 ,0.019,-0.6275855,1.1377,-1.5196,0.038,1.20611,-0.0550,0.0518,-0.0298,0.0163, 
42.89992,-0.4815,0.11 ,0.020,-0.6277077,1.1439,-1.5202,0.039,1.20611,-0.0550,0.0534,-0.0298,0.0164, 
42.99992,-0.4826,0.10 ,0.020,-0.6278822,1.1435,-1.5161,0.038,1.206616,-0.0549,0.0542,-0.0297,0.0164, 
43.09991,-0.4825,0.11 ,0.032,-0.6278298,1.1447,-1.5204,0.039,1.206756,-0.0548,0.0548,-0.0297,0.0164, 
43.19991,-0.4798,0.10 ,0.052,-0.6278124,1.1482,-1.5163,0.044,1.206721,-0.0550,0.0547,-0.0297,0.0164, 
43.29991,-0.4882,0.10 ,0.074,-0.6280393,1.1390,-1.5148,0.048,1.206808,-0.0550,0.0547,-0.0297,0.0164, 
43.39991,-0.4867,0.10 ,0.097,-0.6280742,1.1381,-1.5166,0.062,1.206756,-0.0550,0.0548,-0.0296,0.0164, 
43.49991,-0.4799,0.10 ,0.122,-0.6280393,1.1479,-1.5139,0.079,1.206878,-0.0550,0.0549,-0.0296,0.0164, 
43.59991,-0.4826,0.10 ,0.135,-0.6280742,1.1445,-1.5130,0.098,1.207174,-0.0550,0.0549,-0.0295,0.0165, 
43.69991,-0.4834,0.10 ,0.142,-0.6280916,1.1411,-1.5155,0.119,1.207052,-0.0550,0.0549,-0.0295,0.0165, 
43.7999,-0.4759,0.10 ,0.146,-0.6280393,1.1514,-1.5141,0.134,1.206808,-0.0550,0.0549,-0.0296,0.0164, 
43.8999,-0.4771,0.10 ,0.149,-0.6280742,1.1490,-1.5125,0.142,1.206633,-0.0550,0.0546,-0.0294,0.0166, 
43.9999,-0.4805,0.10 ,0.149,-0.6280916,1.1432,-1.5153,0.145,1.206843,-0.0550,0.0548,-0.0295,0.0165, 
44.0999,-0.4795,0.10 ,0.148,-0.6283883,1.1502,-1.5198,0.145,1.205621,-0.0546,0.0550,-0.0299,0.0160, 
44.1999,-0.4743,0.10 ,0.149,-0.6281789,1.1548,-1.5147,0.146,1.206319,-0.0549,0.0549,-0.0297,0.0163, 
44.2999,-0.4864,0.10 ,0.149,-0.6282662,1.1395,-1.5128,0.147,1.207087,-0.0550,0.0548,-0.0296,0.0164, 
44.39989,-0.4890,0.10 ,0.149,-0.6281964,1.1359,-1.5168,0.147,1.207139,-0.0550,0.0549,-0.0295,0.0164, 
44.49989,-0.4785,0.10 ,0.149,-0.6280742,1.1496,-1.5142,0.147,1.207122,-0.0550,0.0549,-0.0295,0.0164, 
44.59989,-0.4816,0.10 ,0.149,-0.628144,1.1457,-1.5123,0.147,1.207436,-0.0550,0.0549,-0.0295,0.0165, 
44.69989,-0.4845,0.10 ,0.149,-0.6281615,1.1421,-1.5147,0.148,1.207559,-0.0548,0.0550,-0.0295,0.0165, 
44.79989,-0.4831,0.10 ,0.150,-0.6283709,1.1464,-1.5162,0.150,1.20707,-0.0543,0.0550,-0.0297,0.0162, 
44.89989,-0.4862,0.10 ,0.149,-0.6282836,1.1419,-1.5151,0.149,1.207489,-0.0544,0.0550,-0.0296,0.0163, 
44.99989,-0.4781,0.11 ,0.150,-0.6277949,1.1498,-1.5197,0.150,1.20878,-0.0536,0.0550,-0.0297,0.0163, 
45.09988,-0.4779,0.11 ,0.150,-0.6279869,1.1511,-1.5192,0.150,1.207907,-0.0538,0.0550,-0.0298,0.0162, 
45.19988,-0.4837,0.09 ,0.150,-0.6196442,1.1553,-1.5231,0.150,1.20679,-0.0533,0.0550,-0.0302,0.0157, 
45.29988,-0.4842,0.08 ,0.150,-0.6059958,1.1655,-1.5262,0.150,1.208623,-0.0520,0.0550,-0.0303,0.0156, 
45.39988,-0.5059,0.05 ,0.150,-0.5916317,1.1538,-1.5301,0.150,1.189512,-0.0530,0.0550,-0.0308,0.0152, 
45.49988,-0.5156,0.02 ,0.150,-0.5743878,1.1523,-1.5276,0.150,1.169266,-0.0531,0.0550,-0.0305,0.0155, 
45.59988,-0.5250,0.00 ,0.150,-0.5566378,1.1543,-1.5262,0.150,1.145355,-0.0529,0.0550,-0.0303,0.0156, 
45.69987,-0.5421,0.0400,0.150,-0.5271069,1.1579,-1.5253,0.150,1.118145,-0.0531,0.0550,-0.0303,0.0157, 
45.79987,-0.5613,0.0900,0.150,-0.4908738,1.1637,-1.5240,0.150,1.090377,-0.0531,0.0550,-0.0302,0.0158, 
45.89987,-0.5855,0.1530,0.150,-0.4458618,1.1699,-1.5225,0.150,1.061195,-0.0534,0.0550,-0.0301,0.0158, 
45.99987,-0.6121,0.2248,0.150,-0.3942873,1.1774,-1.5206,0.150,1.031577,-0.0536,0.0550,-0.0301,0.0159, 
46.09987,-0.6408,0.3052,0.150,-0.3357665,1.1861,-1.5185,0.150,1.002657,-0.0535,0.0550,-0.0299,0.0160, 
46.19987,-0.6699,0.3854,0.150,-0.2783626,1.1945,-1.5166,0.150,0.9727069,-0.0536,0.0550,-0.0299,0.0161, 
46.29987,-0.6981,0.4626,0.150,-0.2238385,1.2027,-1.5150,0.150,0.9415528,-0.0541,0.0550,-0.0300,0.0160, 
46.39986,-0.7229,0.5317,0.150,-0.1753532,1.2117,-1.5138,0.150,0.9100671,-0.0546,0.0549,-0.0302,0.0158, 
46.49986,-0.7441,0.5937,0.150,-0.1314407,1.2218,-1.5122,0.150,0.8792445,-0.0548,0.0548,-0.0303,0.0157, 
46.59986,-0.7578,0.6373,0.150,-0.1006008,1.2325,-1.5103,0.150,0.8488758,-0.0550,0.0548,-0.0303,0.0157, 
46.69986,-0.7680,0.6714,0.150,-0.07634071,1.2436,-1.5082,0.150,0.8186816,-0.0550,0.0548,-0.0303,0.0156, 
46.79986,-0.7766,0.7009,0.150,-0.0553793,1.2549,-1.5060,0.150,0.7885572,-0.0550,0.0547,-0.0304,0.0156, 
46.89986,-0.7845,0.7279,0.150,-0.0360585,1.2662,-1.5038,0.150,0.7584503,-0.0550,0.0547,-0.0304,0.0156, 
46.99986,-0.7918,0.7528,0.150,-0.0183085,1.2775,-1.5016,0.150,0.7283259,-0.0550,0.0546,-0.0304,0.0156, 
47.09985,-0.7946,0.7653,0.150,-0.009494592,1.2890,-1.4995,0.150,0.6981666,-0.0550,0.0545,-0.0304,0.0156, 
47.19985,-0.7955,0.7717,0.150,-0.005113815,1.3007,-1.4975,0.150,0.6680422,-0.0550,0.0545,-0.0304,0.0155, 
47.29985,-0.7955,0.7748,0.150,-0.002984513,1.3125,-1.4954,0.150,0.6379004,-0.0550,0.0544,-0.0305,0.0155, 
47.39985,-0.7950,0.7764,0.150,-0.001937315,1.3243,-1.4933,0.150,0.6078109,-0.0550,0.0544,-0.0305,0.0155, 
47.49985,-0.7944,0.7770,0.150,-0.00143117,1.3360,-1.4911,0.150,0.5777563,-0.0550,0.0543,-0.0305,0.0155, 
47.59985,-0.7937,0.7772,0.150,-0.001186824,1.3478,-1.4889,0.150,0.5477192,-0.0550,0.0543,-0.0305,0.0155, 
47.69984,-0.7930,0.7772,0.150,-0.001082104,1.3596,-1.4867,0.150,0.5176996,-0.0550,0.0543,-0.0305,0.0155, 
47.79984,-0.7925,0.7771,0.150,-0.001029744,1.3714,-1.4846,0.150,0.4876799,-0.0550,0.0542,-0.0305,0.0154, 
47.89984,-0.7919,0.7769,0.150,-0.001012291,1.3832,-1.4824,0.150,0.4576777,-0.0550,0.0542,-0.0305,0.0154, 
47.99984,-0.7915,0.7767,0.150,-0.001012291,1.3950,-1.4802,0.150,0.427658,-0.0550,0.0542,-0.0306,0.0154, 
48.09984,-0.7910,0.7764,0.150,-0.001029744,1.4068,-1.4780,0.150,0.3976558,-0.0550,0.0542,-0.0306,0.0154, 
48.19984,-0.7907,0.7763,0.150,-0.001029744,1.4186,-1.4758,0.150,0.3677583,-0.0550,0.0542,-0.0306,0.0154, 
48.29984,-0.7903,0.7760,0.150,-0.001099557,1.4305,-1.4736,0.150,0.3383146,-0.0550,0.0541,-0.0306,0.0154, 
48.39983,-0.7899,0.7757,0.150,-0.001134464,1.4422,-1.4714,0.150,0.3090978,-0.0550,0.0541,-0.0306,0.0154, 
48.49983,-0.7894,0.7754,0.150,-0.001169371,1.4538,-1.4691,0.150,0.2799857,-0.0550,0.0541,-0.0306,0.0154, 
48.59983,-0.7983,0.7819,0.150,-0.01336922,1.4652,-1.4669,0.150,0.2507864,-0.0550,0.0540,-0.0306,0.0153, 
48.69983,-0.8111,0.7920,0.150,-0.03162537,1.4764,-1.4648,0.150,0.2215521,-0.0550,0.0538,-0.0307,0.0153, 
48.79983,-0.8242,0.8043,0.150,-0.05286602,1.4879,-1.4623,0.150,0.1963321,-0.0550,0.0537,-0.0308,0.0152, 
48.89983,-0.8358,0.8177,0.150,-0.07548548,1.4994,-1.4592,0.150,0.1839228,-0.0550,0.0537,-0.0307,0.0153, 
48.99982,-0.8463,0.8324,0.150,-0.09925687,1.5094,-1.4561,0.150,0.177849,-0.0550,0.0537,-0.0307,0.0153, 
49.09982,-0.8690,0.8577,0.150,-0.1404815,1.5173,-1.4536,0.150,0.1747075,-0.0550,0.0536,-0.0307,0.0153, 
49.19982,-0.9018,0.8947,0.150,-0.1896998,1.5292,-1.4549,0.150,0.1740791,-0.0550,0.0542,-0.0305,0.0155, 
49.29982,-0.9385,0.9368,0.150,-0.2518685,1.5368,-1.4549,0.150,0.173573,-0.0550,0.0544,-0.0304,0.0156, 
49.39982,-0.9768,0.9838,0.150,-0.3233397,1.5413,-1.4542,0.150,0.1731018,-0.0550,0.0543,-0.0304,0.0156, 
49.49982,-1.0174,1.0367,0.150,-0.4037994,1.5438,-1.4535,0.150,0.1726305,-0.0550,0.0541,-0.0305,0.0155, 
49.59982,-1.0629,1.0971,0.150,-0.4952197,1.5444,-1.4534,0.150,0.171496,-0.0550,0.0535,-0.0308,0.0152, 
49.69981,-1.1032,1.1590,0.150,-0.587024,1.5449,-1.4531,0.150,0.1707805,-0.0550,0.0530,-0.0310,0.0150, 
49.79981,-1.1365,1.2201,0.150,-0.674657,1.5450,-1.4526,0.150,0.170379,-0.0550,0.0526,-0.0311,0.0149, 
49.89981,-1.1631,1.2793,0.150,-0.7568097,1.5451,-1.4521,0.150,0.1701696,-0.0550,0.0524,-0.0312,0.0149, 
49.99981,-1.1798,1.3329,0.150,-0.82767,1.5451,-1.4516,0.150,0.1701172,-0.0550,0.0524,-0.0312,0.0149, 
50.09981,-1.1925,1.3830,0.150,-0.8925788,1.5443,-1.4515,0.150,0.1696111,-0.0550,0.0522,-0.0313,0.0147, 
50.19981,-1.1909,1.4240,0.150,-0.9378178,1.5455,-1.4482,0.150,0.1719149,-0.0550,0.0531,-0.0305,0.0155, 
50.2998,-1.1876,1.4583,0.149,-0.9720437,1.5471,-1.4494,0.150,0.1732239,-0.0549,0.0541,-0.0301,0.0159, 
50.3998,-1.1760,1.4860,0.149,-1.001557,1.5536,-1.4533,0.150,0.1735206,-0.0550,0.0545,-0.0301,0.0159, 
50.4998,-1.1611,1.5117,0.150,-1.028313,1.5657,-1.4505,0.137,0.1740442,-0.0550,0.0545,-0.0300,0.0161, 
50.5998,-1.1582,1.5373,0.149,-1.05465,1.5632,-1.4471,0.117,0.173189,-0.0550,0.0541,-0.0303,0.0157, 
50.6998,-1.1569,1.5559,0.150,-1.067862,1.5568,-1.4511,0.100,0.1732588,-0.0548,0.0547,-0.0304,0.0156, 
50.7998,-1.1478,1.5629,0.150,-1.075489,1.5476,-1.4490,0.077,0.172648,-0.0550,0.0541,-0.0306,0.0155, 
50.8998,-1.1404,1.5702,0.150,-1.078753,1.5442,-1.4497,0.050,0.1726829,-0.0550,0.0543,-0.0305,0.0155, 
50.99979,-1.1335,1.5718,0.145,-1.080464,1.5423,-1.4531,0.030,0.1729272,-0.0550,0.0543,-0.0305,0.0155, 
51.09979,-1.1185,1.5756,0.148,-1.081668,1.5498,-1.4491,0.026,0.1727352,-0.0550,0.0542,-0.0305,0.0155, 
51.19979,-1.1163,1.5811,0.149,-1.081895,1.5469,-1.4485,0.023,0.172648,-0.0550,0.0545,-0.0305,0.0155, 
51.29979,-1.1100,1.5799,0.148,-1.081755,1.5458,-1.4509,0.021,0.1735905,-0.0550,0.0544,-0.0301,0.0159, 
51.39979,-1.1013,1.5834,0.150,-1.081738,1.5553,-1.4505,0.021,0.1733112,-0.0550,0.0547,-0.0303,0.0158, 
51.49979,-1.0992,1.5844,0.150,-1.082436,1.5529,-1.4476,0.021,0.1725607,-0.0550,0.0544,-0.0305,0.0155, 
51.59978,-1.1104,1.5886,0.150,-1.08268,1.5409,-1.4498,0.024,0.171688,-0.0550,0.0546,-0.0307,0.0153, 
51.69978,-1.1074,1.5863,0.150,-1.080725,1.5400,-1.4497,0.021,0.1746726,-0.0549,0.0548,-0.0299,0.0161, 
51.79978,-1.1064,1.5884,0.150,-1.081458,1.5414,-1.4496,0.021,0.1733985,-0.0549,0.0549,-0.0303,0.0157, 
51.89978,-1.1011,1.5836,0.149,-1.081476,1.5450,-1.4529,0.020,0.1740617,-0.0550,0.0546,-0.0301,0.0160, 
51.99978,-1.1000,1.5873,0.150,-1.08165,1.5510,-1.4530,0.022,0.1731367,-0.0548,0.0549,-0.0304,0.0156, 
52.09978,-1.0995,1.5917,0.149,-1.08097,1.5525,-1.4523,0.020,0.1737999,-0.0542,0.0550,-0.0302,0.0158, 
52.19978,-1.1049,1.5881,0.149,-1.081511,1.5452,-1.4561,0.020,0.1729796,-0.0545,0.0550,-0.0304,0.0156, 
52.29977,-1.0980,1.5885,0.138,-1.081668,1.5531,-1.4536,0.021,0.172805,-0.0547,0.0550,-0.0305,0.0155, 
52.39977,-1.0946,1.5873,0.119,-1.082401,1.5518,-1.4488,0.020,0.1724385,-0.0550,0.0545,-0.0306,0.0154, 
52.49977,-1.1046,1.5916,0.101,-1.082628,1.5423,-1.4504,0.024,0.1714612,-0.0549,0.0548,-0.0308,0.0152, 
52.59977,-1.1043,1.5885,0.079,-1.080237,1.5450,-1.4540,0.023,0.1750216,-0.0544,0.0550,-0.0343,0.0231, 
52.69977,-1.1039,1.5893,0.054,-1.081074,1.5421,-1.4503,0.021,0.1740093,-0.0548,0.0549,-0.0412,0.0334, 
52.79977,-1.1050,1.5864,0.042,-1.081476,1.5401,-1.4533,0.020,0.1736777,-0.0550,0.0548,-0.0482,0.0441, 
52.89977,-1.0969,1.5878,0.036,-1.081633,1.5509,-1.4501,0.020,0.1732937,-0.0550,0.0548,-0.0518,0.0494, 
52.99976,-1.0955,1.5890,0.033,-1.081703,1.5532,-1.4485,0.019,0.1731018,-0.0550,0.0548,-0.0536,0.0520, 
53.09976,-1.1002,1.5856,0.030,-1.081685,1.5443,-1.4512,0.019,0.1735206,-0.0550,0.0547,-0.0543,0.0535, 
53.19976,-1.1027,1.5875,0.030,-1.081964,1.5421,-1.4504,0.019,0.1730319,-0.0550,0.0546,-0.0548,0.0540, 
53.29976,-1.1057,1.5895,0.031,-1.081912,1.5402,-1.4507,0.020,0.172805,-0.0550,0.0548,-0.0550,0.0542, 
53.39976,-1.1043,1.5860,0.030,-1.08186,1.5431,-1.4549,0.020,0.1728225,-0.0550,0.0548,-0.0550,0.0544, 
53.49976,-1.1040,1.5889,0.030,-1.082139,1.5428,-1.4498,0.019,0.1725432,-0.0550,0.0547,-0.0550,0.0544, 
53.59975,-1.1051,1.5885,0.031,-1.08179,1.5435,-1.4548,0.021,0.1725607,-0.0549,0.0550,-0.0550,0.0544, 
53.69975,-1.1014,1.5886,0.031,-1.08179,1.5469,-1.4526,0.020,0.1726654,-0.0550,0.0550,-0.0550,0.0545, 
53.79975,-1.1010,1.5881,0.030,-1.08186,1.5451,-1.4506,0.020,0.1729621,-0.0550,0.0547,-0.0550,0.0546, 
53.89975,-1.1021,1.5887,0.030,-1.081895,1.5433,-1.4501,0.020,0.1729447,-0.0550,0.0548,-0.0550,0.0546, 
53.99975,-1.0993,1.5860,0.029,-1.081807,1.5471,-1.4532,0.019,0.1730494,-0.0550,0.0548,-0.0550,0.0546, 
54.09975,-1.0961,1.5859,0.031,-1.081528,1.5500,-1.4520,0.021,0.1738522,-0.0550,0.0547,-0.0548,0.0549, 
54.19975,-1.0973,1.5874,0.031,-1.081772,1.5514,-1.4523,0.021,0.1731716,-0.0550,0.0548,-0.0550,0.0547, 
54.29974,-1.1015,1.5888,0.032,-1.082017,1.5481,-1.4537,0.023,0.1725083,-0.0550,0.0548,-0.0550,0.0545, 
54.39974,-1.1051,1.5892,0.035,-1.082156,1.5482,-1.4588,0.025,0.171531,-0.0503,0.0481,-0.0550,0.0541, 
54.49974,-1.1016,1.5892,0.033,-1.082244,1.5484,-1.4533,0.035,0.1720022,-0.0439,0.0374,-0.0550,0.0543, 
54.59974,-1.1027,1.5892,0.031,-1.082331,1.5435,-1.4505,0.053,0.1722989,-0.0372,0.0265,-0.0550,0.0544, 
54.69974,-1.0978,1.5851,0.029,-1.082122,1.5433,-1.4504,0.073,0.1736602,-0.0341,0.0207,-0.0548,0.0549, 
54.79974,-1.0893,1.5856,0.030,-1.081999,1.5559,-1.4491,0.098,0.173765,-0.0323,0.0181,-0.0549,0.0550, 
54.89973,-1.0920,1.5853,0.030,-1.082069,1.5551,-1.4523,0.122,0.1732588,-0.0313,0.0169,-0.0550,0.0547, 
54.99973,-1.0933,1.5877,0.030,-1.082087,1.5548,-1.4508,0.136,0.1730494,-0.0307,0.0164,-0.0550,0.0546, 
55.09973,-1.1054,1.5897,0.033,-1.082593,1.5438,-1.4556,0.146,0.1714262,-0.0305,0.0161,-0.0550,0.0540, 
55.19973,-1.1077,1.5884,0.034,-1.082453,1.5437,-1.4602,0.150,0.1713215,-0.0302,0.0161,-0.0550,0.0540, 
55.29973,-1.1063,1.5893,0.033,-1.082523,1.5507,-1.4620,0.150,0.1707107,-0.0301,0.0161,-0.0550,0.0538, 
55.39973,-1.1031,1.5890,0.031,-1.08261,1.5497,-1.4553,0.149,0.1714262,-0.0303,0.0158,-0.0550,0.0540, 
55.49973,-1.1083,1.5865,0.031,-1.082523,1.5410,-1.4579,0.150,0.1717753,-0.0303,0.0158,-0.0550,0.0541, 
55.59972,-1.1027,1.5873,0.030,-1.082261,1.5472,-1.4537,0.149,0.1722989,-0.0302,0.0158,-0.0550,0.0543, 
55.69972,-1.1054,1.5856,0.030,-1.082191,1.5430,-1.4561,0.150,0.1724909,-0.0302,0.0158,-0.0550,0.0544, 
55.79972,-1.1036,1.5869,0.029,-1.082034,1.5477,-1.4560,0.149,0.1725607,-0.0300,0.0160,-0.0550,0.0544, 
55.89972,-1.1043,1.5875,0.029,-1.082244,1.5473,-1.4555,0.150,0.1721942,-0.0301,0.0159,-0.0550,0.0542, 
55.99972,-1.1030,1.5857,0.029,-1.082156,1.5484,-1.4565,0.149,0.1724211,-0.0301,0.0159,-0.0550,0.0543, 
56.09972,-1.0997,1.5870,0.029,-1.082087,1.5516,-1.4526,0.149,0.1726131,-0.0302,0.0159,-0.0550,0.0544, 
56.19971,-1.1060,1.5856,0.029,-1.082104,1.5416,-1.4553,0.149,0.1726654,-0.0302,0.0159,-0.0550,0.0544, 
56.29971,-1.1032,1.5865,0.041,-1.082087,1.5442,-1.4529,0.149,0.17284,-0.0302,0.0159,-0.0550,0.0545, 
56.39971,-1.1030,1.5840,0.060,-1.082087,1.5461,-1.4567,0.149,0.172805,-0.0302,0.0159,-0.0550,0.0545, 
56.49971,-1.1004,1.5880,0.081,-1.082314,1.5487,-1.4508,0.149,0.1725956,-0.0302,0.0158,-0.0550,0.0544, 
56.59971,-1.1019,1.5846,0.103,-1.081022,1.5296,-1.4390,0.147,0.1728574,-0.0302,0.0159,-0.0544,0.0550, 
56.69971,-1.1037,1.5834,0.126,-1.081581,1.5136,-1.4296,0.148,0.1673771,-0.0301,0.0160,-0.0550,0.0546, 
56.79971,-1.0998,1.5855,0.138,-1.082017,1.5006,-1.4109,0.149,0.1619142,-0.0302,0.0159,-0.0550,0.0544, 
56.8997,-1.1013,1.5856,0.144,-1.082104,1.4782,-1.3939,0.149,0.1565735,-0.0301,0.0160,-0.0550,0.0543, 
56.9997,-1.1014,1.5855,0.147,-1.082331,1.4478,-1.3677,0.149,0.1506743,-0.0304,0.0157,-0.0550,0.0545, 
57.0997,-1.1001,1.5870,0.148,-1.082174,1.4096,-1.3296,0.149,0.1415462,-0.0302,0.0159,-0.0550,0.0546, 
57.1997,-1.1032,1.5865,0.149,-1.082052,1.3516,-1.2861,0.149,0.1304634,-0.0302,0.0159,-0.0550,0.0548, 
57.2997,-1.1034,1.5880,0.150,-1.081738,1.2899,-1.2299,0.150,0.1170069,-0.0300,0.0160,-0.0548,0.0550, 
57.3997,-1.1013,1.5863,0.150,-1.08193,1.2158,-1.1629,0.149,0.1016305,-0.0304,0.0157,-0.0545,0.0550, 
57.49969,-1.0988,1.5863,0.150,-1.081842,1.1419,-1.0953,0.149,0.08524188,-0.0305,0.0156,-0.0542,0.0550, 
57.59969,-1.1038,1.5870,0.150,-1.082383,1.0660,-1.0331,0.149,0.06749188,-0.0303,0.0158,-0.0545,0.0550, 
57.69969,-1.1078,1.5879,0.150,-1.082558,0.9996,-0.9779,0.149,0.05235988,-0.0301,0.0160,-0.0546,0.0550, 
57.79969,-1.1112,1.5889,0.150,-1.082715,0.9399,-0.9276,0.150,0.03855433,-0.0298,0.0163,-0.0547,0.0550, 
57.89969,-1.1138,1.5895,0.150,-1.082732,0.8980,-0.8925,0.150,0.02912955,-0.0297,0.0164,-0.0547,0.0550, 
57.99969,-1.1157,1.5899,0.150,-1.082698,0.8660,-0.8650,0.150,0.02186898,-0.0295,0.0166,-0.0547,0.0550, 
58.09969,-1.1171,1.5890,0.150,-1.08268,0.8366,-0.8392,0.150,0.01642355,-0.0297,0.0164,-0.0544,0.0550, 
58.19968,-1.1132,1.5869,0.149,-1.082296,0.8154,-0.8175,0.148,0.01193805,-0.0298,0.0163,-0.0540,0.0550, 
58.29968,-1.1107,1.5896,0.150,-1.082314,0.7978,-0.7940,0.148,0.007627089,-0.0298,0.0163,-0.0539,0.0550, 
58.39968,-1.1111,1.5769,0.150,-1.094636,0.7815,-0.7877,0.149,0.004590216,-0.0299,0.0162,-0.0541,0.0550, 
58.49968,-1.1085,1.5569,0.150,-1.113607,0.7777,-0.7874,0.149,0.003508112,-0.0300,0.0161,-0.0541,0.0550, 
58.59968,-1.1037,1.5362,0.150,-1.137239,0.7747,-0.7802,0.149,0.002391101,-0.0307,0.0154,-0.0544,0.0550, 
58.69968,-1.1031,1.5139,0.150,-1.161394,0.7770,-0.7856,0.149,0.001169371,-0.0304,0.0157,-0.0547,0.0550, 
58.79967,-1.1000,1.4949,0.149,-1.186353,0.7780,-0.7805,0.148,0.0008377581,-0.0302,0.0159,-0.0547,0.0550, 
58.89967,-1.0984,1.4577,0.146,-1.228572,0.7702,-0.7718,0.145,0.0008901179,-0.0310,0.0151,-0.0546,0.0550, 
58.99967,-1.1003,1.4089,0.147,-1.278907,0.7666,-0.7782,0.146,0.002059489,-0.0310,0.0151,-0.0541,0.0550, 
59.09967,-1.1011,1.3572,0.148,-1.342245,0.7686,-0.7774,0.148,0.0006806784,-0.0307,0.0153,-0.0546,0.0549, 
59.19967,-1.1010,1.2926,0.149,-1.414956,0.7677,-0.7786,0.149,0.0002443461,-0.0309,0.0151,-0.0547,0.0550, 
59.29967,-1.0982,1.2188,0.150,-1.498034,0.7701,-0.7796,0.149,0.000715585,-0.0309,0.0151,-0.0546,0.0550, 
59.39967,-1.0966,1.1366,0.150,-1.591112,0.7709,-0.7801,0.150,0.0009424778,-0.0309,0.0151,-0.0546,0.0550, 
59.49966,-1.0950,1.0471,0.150,-1.692865,0.7715,-0.7802,0.150,0.001064651,-0.0309,0.0151,-0.0545,0.0550, 
59.59966,-1.0937,0.9531,0.150,-1.799766,0.7719,-0.7802,0.150,0.001134464,-0.0309,0.0151,-0.0545,0.0550, 
59.69966,-1.0927,0.8601,0.150,-1.905516,0.7721,-0.7802,0.150,0.001169371,-0.0309,0.0151,-0.0545,0.0550, 
59.79966,-1.0919,0.7720,0.150,-2.005069,0.7804,-0.7890,0.150,0.01308997,-0.0309,0.0151,-0.0545,0.0550, 
59.89966,-1.0908,0.6898,0.150,-2.097624,0.7920,-0.8024,0.150,0.03096214,-0.0309,0.0151,-0.0544,0.0550, 
59.99966,-1.0893,0.6136,0.150,-2.183442,0.8040,-0.8186,0.150,0.05178392,-0.0310,0.0150,-0.0543,0.0550, 
60.09966,-1.0880,0.5469,0.150,-2.258351,0.8150,-0.8366,0.150,0.07405432,-0.0311,0.0149,-0.0543,0.0550, 
60.19965,-1.0869,0.4862,0.150,-2.326454,0.8253,-0.8566,0.150,0.09798278,-0.0311,0.0148,-0.0542,0.0550, 
60.29965,-1.0863,0.4391,0.150,-2.379006,0.8362,-0.8796,0.150,0.1250179,-0.0312,0.0147,-0.0541,0.0550, 
60.39965,-1.0885,0.4040,0.150,-2.418101,0.8450,-0.9058,0.150,0.1532399,-0.0311,0.0148,-0.0542,0.0550, 
60.49965,-1.0907,0.3773,0.150,-2.45053,0.8569,-0.9354,0.150,0.1816364,-0.0306,0.0154,-0.0545,0.0550, 
60.59965,-1.0918,0.3557,0.149,-2.479676,0.8677,-0.9570,0.149,0.2107136,-0.0305,0.0155,-0.0547,0.0550, 
60.69965,-1.0974,0.3308,0.150,-2.506433,0.8664,-0.9861,0.150,0.2411871,-0.0301,0.0158,-0.0545,0.0550, 
60.79964,-1.0892,0.3101,0.150,-2.526102,0.8886,-1.0243,0.150,0.2726379,-0.0291,0.0168,-0.0542,0.0550, 
60.89964,-1.0925,0.3023,0.150,-2.536766,0.8958,-1.0536,0.150,0.3013834,-0.0290,0.0169,-0.0546,0.0549, 
60.99964,-1.0935,0.2985,0.150,-2.541985,0.9034,-1.0826,0.150,0.3311064,-0.0289,0.0171,-0.0548,0.0550, 
61.09964,-1.0925,0.2968,0.150,-2.544585,0.9117,-1.1114,0.150,0.3608992,-0.0288,0.0172,-0.0549,0.0550, 
61.19964,-1.0936,0.2956,0.150,-2.545894,0.9169,-1.1400,0.150,0.3908316,-0.0288,0.0172,-0.0549,0.0550, 
61.29964,-1.0919,0.2950,0.150,-2.54647,0.9243,-1.1685,0.150,0.4209211,-0.0287,0.0172,-0.0549,0.0550, 
61.39964,-1.0925,0.2944,0.150,-2.54675,0.9290,-1.1969,0.150,0.451028,-0.0288,0.0171,-0.0548,0.0550, 
61.49963,-1.0910,0.2945,0.150,-2.546872,0.9360,-1.2254,0.150,0.4810302,-0.0288,0.0171,-0.0549,0.0550, 
61.59963,-1.0918,0.2941,0.150,-2.546942,0.9404,-1.2538,0.150,0.5110848,-0.0288,0.0171,-0.0548,0.0550, 
61.69963,-1.0904,0.2943,0.150,-2.546959,0.9472,-1.2824,0.150,0.541052,-0.0288,0.0171,-0.0549,0.0550, 
61.79963,-1.0913,0.2940,0.150,-2.546959,0.9515,-1.3109,0.150,0.5710717,-0.0289,0.0170,-0.0549,0.0550, 
61.89963,-1.0900,0.2942,0.150,-2.546959,0.9581,-1.3395,0.150,0.6010216,-0.0289,0.0170,-0.0549,0.0550, 
61.99963,-1.0910,0.2939,0.150,-2.546959,0.9624,-1.3680,0.150,0.6310412,-0.0289,0.0170,-0.0549,0.0550, 
62.09962,-1.0897,0.2941,0.150,-2.546959,0.9690,-1.3966,0.150,0.6609911,-0.0289,0.0170,-0.0549,0.0550, 
62.19962,-1.0907,0.2939,0.150,-2.546942,0.9732,-1.4251,0.150,0.6910107,-0.0290,0.0169,-0.0549,0.0550, 
62.29962,-1.0895,0.2941,0.150,-2.546942,0.9798,-1.4537,0.150,0.7209432,-0.0290,0.0169,-0.0550,0.0550, 
62.39962,-1.0905,0.2938,0.150,-2.546942,0.9840,-1.4821,0.150,0.7508232,-0.0291,0.0169,-0.0550,0.0550, 
62.49962,-1.0895,0.2941,0.141,-2.546976,0.9883,-1.5081,0.150,0.777422,-0.0291,0.0168,-0.0550,0.0549, 
62.59962,-1.0909,0.2940,0.123,-2.547029,0.9897,-1.5327,0.150,0.8025024,-0.0292,0.0168,-0.0550,0.0549, 
62.69962,-1.0915,0.2941,0.101,-2.547081,0.9919,-1.5564,0.150,0.8267799,-0.0293,0.0167,-0.0550,0.0548, 
62.79961,-1.0920,0.2942,0.076,-2.547133,0.9947,-1.5797,0.150,0.850656,-0.0294,0.0166,-0.0550,0.0548, 
62.89961,-1.0927,0.2945,0.051,-2.547238,0.9951,-1.5996,0.150,0.8703259,-0.0295,0.0165,-0.0550,0.0547, 
62.99961,-1.0941,0.2951,0.034,-2.547395,0.9895,-1.6114,0.150,0.8798379,-0.0296,0.0164,-0.0550,0.0547, 
63.09961,-1.0959,0.2956,0.026,-2.54757,0.9823,-1.6186,0.150,0.8843408,-0.0297,0.0163,-0.0550,0.0546, 
63.19961,-1.0968,0.2956,0.024,-2.547657,0.9757,-1.6225,0.150,0.8865575,-0.0312,0.0146,-0.0550,0.0546, 
63.29961,-1.0980,0.2956,0.024,-2.547378,0.9698,-1.6251,0.150,0.8873079,-0.0323,0.0139,-0.0550,0.0545, 
63.3996,-1.0986,0.2955,0.023,-2.547046,0.9650,-1.6269,0.150,0.8874301,-0.0332,0.0131,-0.0550,0.0545, 
63.4996,-1.0991,0.2955,0.023,-2.546767,0.9612,-1.6280,0.150,0.8873254,-0.0337,0.0126,-0.0550,0.0545, 
63.5996,-1.0993,0.2955,0.023,-2.54654,0.9584,-1.6287,0.150,0.8871334,-0.0341,0.0123,-0.0550,0.0544, 
63.6996,-1.0996,0.2955,0.023,-2.546383,0.9564,-1.6292,0.150,0.8869414,-0.0343,0.0121,-0.0550,0.0544, 
63.7996,-1.0997,0.2955,0.023,-2.546261,0.9549,-1.6296,0.150,0.8867843,-0.0345,0.0119,-0.0550,0.0544, 
63.8996,-1.0999,0.2956,0.023,-2.546174,0.9538,-1.6299,0.150,0.8866621,-0.0346,0.0118,-0.0550,0.0544, 
63.9996,-1.1000,0.2956,0.023,-2.546121,0.9531,-1.6300,0.150,0.8865575,-0.0347,0.0117,-0.0550,0.0544, 
64.09959,-1.1007,0.2959,0.023,-2.546086,0.9526,-1.6309,0.150,0.886191,-0.0346,0.0118,-0.0550,0.0543, 
64.19959,-1.1002,0.2958,0.023,-2.545999,0.9524,-1.6306,0.150,0.8864003,-0.0348,0.0117,-0.0550,0.0543, 
64.29959,-1.1077,0.2960,0.022,-2.546767,0.9472,-1.6316,0.150,0.8860688,-0.0346,0.0117,-0.0550,0.0541, 
64.39959,-1.1030,0.2960,0.023,-2.546208,0.9519,-1.6316,0.150,0.8866098,-0.0353,0.0112,-0.0550,0.0542, 
64.49959,-1.1089,0.2965,0.022,-2.546837,0.9465,-1.6321,0.150,0.8857371,-0.0351,0.0112,-0.0550,0.0540, 
64.59959,-1.1034,0.2968,0.023,-2.546052,0.9528,-1.6331,0.140,0.8860862,-0.0354,0.0113,-0.0550,0.0540, 
64.69958,-1.1081,0.2965,0.022,-2.546174,0.9473,-1.6328,0.120,0.8859291,-0.0347,0.0119,-0.0550,0.0540, 
64.79958,-1.1040,0.2955,0.021,-2.546592,0.9534,-1.6328,0.097,0.8868541,-0.0348,0.0120,-0.0550,0.0542, 
64.89958,-1.1093,0.2949,0.021,-2.547221,0.9500,-1.6327,0.071,0.8870636,-0.0349,0.0117,-0.0550,0.0542, 
64.99958,-1.1029,0.2938,0.021,-2.547395,0.9568,-1.6313,0.045,0.8880584,-0.0354,0.0114,-0.0550,0.0545, 
65.09958,-1.1101,0.2944,0.020,-2.547866,0.9494,-1.6312,0.025,0.8865575,-0.0358,0.0109,-0.0550,0.0543, 
65.19958,-1.1108,0.2942,0.020,-2.548669,0.9504,-1.6310,0.015,0.8864527,-0.0362,0.0106,-0.0550,0.0543, 
65.29958,-1.1119,0.2939,0.020,-2.548879,0.9502,-1.6305,0.010,0.8867669,-0.0371,0.0098,-0.0550,0.0543, 
65.39957,-1.1066,0.2935,0.019,-2.548844,0.9578,-1.6309,0.008,0.8876745,-0.0371,0.0098,-0.0550,0.0545, 
65.49957,-1.1126,0.2940,0.020,-2.548931,0.9506,-1.6307,0.007,0.8862433,-0.0370,0.0098,-0.0550,0.0543, 
65.59957,-1.1133,0.2935,0.020,-2.54935,0.9509,-1.6304,0.006,0.8867843,-0.0375,0.0093,-0.0550,0.0544, 
65.69957,-1.1075,0.2931,0.019,-2.54928,0.9586,-1.6306,0.006,0.8876919,-0.0377,0.0091,-0.0550,0.0545, 
65.79957,-1.1133,0.2935,0.019,-2.549263,0.9514,-1.6305,0.006,0.8863131,-0.0375,0.0093,-0.0550,0.0543, 
65.89957,-1.1139,0.2932,0.019,-2.549594,0.9515,-1.6301,0.006,0.8868541,-0.0379,0.0089,-0.0550,0.0544, 
65.99957,-1.1153,0.2929,0.019,-2.549821,0.9514,-1.6304,0.005,0.8868541,-0.0382,0.0085,-0.0550,0.0543, 
66.09956,-1.1151,0.2925,0.019,-2.549961,0.9520,-1.6300,0.005,0.8871858,-0.0387,0.0082,-0.0550,0.0544, 
66.19956,-1.1161,0.2924,0.019,-2.550101,0.9518,-1.6302,0.005,0.8870636,-0.0388,0.0079,-0.0550,0.0544, 
66.29956,-1.1157,0.2920,0.019,-2.550153,0.9524,-1.6299,0.005,0.8873254,-0.0392,0.0077,-0.0550,0.0545, 
66.39956,-1.1166,0.2920,0.018,-2.55024,0.9521,-1.6301,0.005,0.8871334,-0.0392,0.0076,-0.0550,0.0544, 
66.49956,-1.1150,0.2917,0.030,-2.549839,0.9529,-1.6298,0.005,0.8874127,-0.0386,0.0077,-0.0550,0.0545, 
66.59956,-1.1065,0.2925,0.048,-2.548879,0.9608,-1.6301,0.006,0.888198,-0.0467,0.0313,-0.0550,0.0546, 
66.69955,-1.1053,0.2936,0.071,-2.548722,0.9610,-1.6301,0.006,0.8877268,-0.0509,0.0431,-0.0550,0.0546, 
66.79955,-1.1051,0.2945,0.096,-2.548704,0.9602,-1.6300,0.007,0.8873777,-0.0530,0.0489,-0.0507,0.0475, 
66.89955,-1.1050,0.2952,0.121,-2.548739,0.9595,-1.6300,0.007,0.8871334,-0.0540,0.0519,-0.0441,0.0371, 
66.99955,-1.1027,0.2922,0.136,-2.548233,0.9584,-1.6290,0.004,0.8885297,-0.0546,0.0533,-0.0370,0.0266, 
67.09955,-1.1012,0.2961,0.143,-2.548111,0.9603,-1.6245,0.002,0.8888438,-0.0547,0.0541,-0.0336,0.0212, 
67.19955,-1.1111,0.2997,0.146,-2.548128,0.9465,-1.6221,0.001,0.8892103,-0.0549,0.0545,-0.0318,0.0186, 
67.29955,-1.1099,0.2963,0.148,-2.548093,0.9467,-1.6253,0.000,0.8891231,-0.0549,0.0547,-0.0310,0.0172, 
67.39954,-1.0979,0.2922,0.148,-2.548477,0.9576,-1.6241,0.001,0.8873428,-0.0550,0.0542,-0.0308,0.0164, 
67.49954,-1.0974,0.2958,0.150,-2.548408,0.9581,-1.6226,0.003,0.8877268,-0.0550,0.0543,-0.0304,0.0162, 
67.59954,-1.1017,0.2986,0.150,-2.548233,0.9531,-1.6218,0.001,0.8885123,-0.0550,0.0546,-0.0303,0.0161, 
67.69954,-1.0991,0.2931,0.149,-2.547901,0.9538,-1.6246,0.000,0.8889485,-0.0550,0.0545,-0.0302,0.0160, 
67.79954,-1.0976,0.2940,0.150,-2.548163,0.9561,-1.6230,0.002,0.8883027,-0.0550,0.0543,-0.0302,0.0160, 
67.89954,-1.0953,0.2993,0.150,-2.548059,0.9580,-1.6203,0.001,0.8889485,-0.0550,0.0546,-0.0302,0.0160, 
67.99953,-1.0951,0.2930,0.149,-2.547884,0.9583,-1.6250,0.001,0.8890532,-0.0550,0.0545,-0.0302,0.0160, 
68.09953,-1.0944,0.2943,0.150,-2.547762,0.9610,-1.6255,0.001,0.8890707,-0.0548,0.0549,-0.0302,0.0159, 
68.19953,-1.0994,0.2970,0.150,-2.547971,0.9552,-1.6226,0.001,0.8889136,-0.0550,0.0546,-0.0301,0.0160, 
68.29953,-1.1017,0.2981,0.150,-2.548093,0.9518,-1.6213,0.002,0.888774,-0.0550,0.0545,-0.0300,0.0160, 
68.39953,-1.0995,0.3001,0.150,-2.548041,0.9538,-1.6210,0.001,0.8890184,-0.0550,0.0547,-0.0302,0.0159, 
68.49953,-1.0994,0.2965,0.149,-2.547884,0.9542,-1.6238,0.000,0.8892453,-0.0550,0.0547,-0.0302,0.0159, 
68.59953,-1.0932,0.3009,0.150,-2.532246,0.9564,-1.6235,0.001,0.8891929,-0.0550,0.0547,-0.0302,0.0159, 
68.69952,-1.0875,0.3049,0.149,-2.508823,0.9549,-1.6254,0.014,0.888966,-0.0550,0.0548,-0.0302,0.0159, 
68.79952,-1.0797,0.3145,0.149,-2.481509,0.9557,-1.6216,0.034,0.8890184,-0.0550,0.0546,-0.0301,0.0159, 
68.89952,-1.0777,0.3207,0.150,-2.452205,0.9492,-1.6233,0.058,0.8890532,-0.0550,0.0547,-0.0301,0.0160, 
68.99952,-1.0747,0.3257,0.150,-2.421889,0.9461,-1.6258,0.083,0.8891231,-0.0550,0.0548,-0.0301,0.0159, 
69.09952,-1.0549,0.3294,0.150,-2.391014,0.9628,-1.6263,0.110,0.8886344,-0.0550,0.0548,-0.0302,0.0159, 
69.19952,-1.0468,0.3453,0.149,-2.34375,0.9586,-1.6206,0.129,0.8888788,-0.0550,0.0545,-0.0301,0.0160, 
69.29951,-1.0388,0.3594,0.150,-2.281843,0.9528,-1.6252,0.142,0.890083,-0.0545,0.0550,-0.0301,0.0160, 
69.39951,-1.0237,0.3775,0.150,-2.211943,0.9562,-1.6272,0.148,0.889734,-0.0539,0.0550,-0.0303,0.0158, 
69.49951,-1.0057,0.3953,0.150,-2.128813,0.9546,-1.6280,0.150,0.8893849,-0.0542,0.0550,-0.0304,0.0157, 
69.59951,-0.9921,0.4182,0.150,-2.038894,0.9521,-1.6321,0.150,0.8861037,-0.0542,0.0550,-0.0309,0.0152, 
69.69951,-0.9672,0.4381,0.150,-1.935378,0.9542,-1.6300,0.150,0.8877966,-0.0542,0.0550,-0.0306,0.0155, 
69.79951,-0.9393,0.4610,0.148,-1.823398,0.9568,-1.6266,0.148,0.8887042,-0.0548,0.0547,-0.0303,0.0158, 
69.89951,-0.9199,0.4860,0.150,-1.702569,0.9517,-1.6265,0.149,0.8892278,-0.0549,0.0548,-0.0302,0.0159, 
69.9995,-0.8964,0.5169,0.149,-1.57228,0.9488,-1.6229,0.148,0.8894372,-0.0550,0.0544,-0.0300,0.0161, 
70.0995,-0.8648,0.5450,0.146,-1.434172,0.9477,-1.6166,0.146,0.8899783,-0.0550,0.0518,-0.0294,0.0168, 
70.1995,-0.8361,0.5756,0.136,-1.289432,0.9527,-1.6138,0.136,0.890624,-0.0550,0.0523,-0.0295,0.0166, 
70.2995,-0.8155,0.6093,0.144,-1.14614,0.9555,-1.6168,0.143,0.8905019,-0.0546,0.0540,-0.0298,0.0163, 
70.3995,-0.7989,0.6372,0.147,-1.010022,0.9525,-1.6192,0.146,0.8903623,-0.0549,0.0544,-0.0298,0.0163, 
70.4995,-0.7906,0.6581,0.148,-0.8800648,0.9437,-1.6225,0.147,0.8908858,-0.0549,0.0547,-0.0297,0.0164, 
70.59949,-0.7665,0.6823,0.150,-0.7584329,0.9583,-1.6251,0.150,0.8898561,-0.0544,0.0550,-0.0300,0.0161, 
70.69949,-0.7530,0.7066,0.150,-0.6463827,0.9643,-1.6253,0.150,0.8878664,-0.0545,0.0550,-0.0304,0.0157, 
70.79949,-0.7394,0.7234,0.149,-0.5419073,0.9636,-1.6205,0.148,0.8892453,-0.0550,0.0543,-0.0299,0.0162, 
70.89949,-0.7371,0.7360,0.149,-0.4473279,0.9524,-1.6106,0.148,0.8972912,-0.0550,0.0545,-0.0298,0.0163, 
70.99949,-0.7260,0.7484,0.150,-0.3631158,0.9496,-1.5925,0.148,0.9086359,-0.0550,0.0548,-0.0298,0.0163, 
71.09949,-0.7215,0.7635,0.149,-0.2844712,0.9405,-1.5694,0.148,0.9218655,-0.0550,0.0547,-0.0297,0.0164, 
71.19949,-0.7287,0.7744,0.149,-0.2269452,0.9265,-1.5445,0.147,0.9360724,-0.0550,0.0547,-0.0296,0.0165, 
71.29948,-0.7360,0.7753,0.149,-0.1824044,0.9140,-1.5235,0.148,0.9516233,-0.0550,0.0548,-0.0296,0.0166, 
71.39948,-0.7291,0.7783,0.150,-0.1440071,0.9126,-1.4881,0.150,0.9744348,-0.0547,0.0550,-0.0296,0.0165, 
71.49948,-0.7330,0.7838,0.150,-0.109659,0.8941,-1.4418,0.150,1.000458,-0.0549,0.0550,-0.0297,0.0164, 
71.59948,-0.7402,0.7899,0.150,-0.07702138,0.8663,-1.3907,0.149,1.028872,-0.0550,0.0548,-0.0295,0.0166, 
71.69948,-0.7488,0.7902,0.150,-0.04483751,0.8360,-1.3461,0.149,1.059083,-0.0549,0.0550,-0.0292,0.0168, 
71.79948,-0.7541,0.7893,0.149,-0.02232276,0.8145,-1.3010,0.148,1.089051,-0.0546,0.0550,-0.0292,0.0169, 
71.89948,-0.7484,0.7916,0.149,-0.01125737,0.8089,-1.2485,0.148,1.118267,-0.0549,0.0549,-0.0294,0.0168, 
71.99947,-0.7546,0.7905,0.150,-0.005375614,0.7902,-1.2007,0.150,1.147449,-0.0547,0.0550,-0.0296,0.0165, 
72.09947,-0.7595,0.7911,0.150,-0.002932153,0.7657,-1.1456,0.148,1.178132,-0.0550,0.0548,-0.0292,0.0169, 
72.19947,-0.7637,0.7913,0.149,-0.001745329,0.7429,-1.0929,0.148,1.208693,-0.0550,0.0547,-0.0289,0.0172, 
72.29947,-0.7651,0.7875,0.149,-0.0009948376,0.7220,-1.0452,0.148,1.239114,-0.0550,0.0548,-0.0287,0.0174, 
72.39947,-0.7562,0.7861,0.150,-0.0003141593,0.7149,-0.9932,0.149,1.269675,-0.0549,0.0550,-0.0284,0.0177, 
72.49947,-0.7617,0.7875,0.149,-0.0005235987,0.6894,-0.9398,0.148,1.299851,-0.0550,0.0548,-0.0282,0.0179, 
72.59946,-0.7627,0.7848,0.150,-0.0003141593,0.6676,-0.8935,0.148,1.330081,-0.0550,0.0549,-0.0280,0.0181, 
72.69946,-0.7554,0.7856,0.150,-0.0002617994,0.6580,-0.8403,0.147,1.36017,-0.0550,0.0549,-0.0278,0.0183, 
72.79946,-0.7610,0.7862,0.149,-0.0007504916,0.6303,-0.7876,0.147,1.38998,-0.0550,0.0545,-0.0275,0.0185, 
72.89946,-0.7626,0.7808,0.149,-0.0005759586,0.6021,-0.7437,0.147,1.418673,-0.0550,0.0547,-0.0280,0.0181, 
72.99946,-0.7548,0.7780,0.150,0.0001570796,0.5996,-0.7120,0.149,1.439984,-0.0548,0.0550,-0.0290,0.0171, 
73.09946,-0.7670,0.7897,0.149,-0.01265364,0.5834,-0.6728,0.148,1.457804,-0.0550,0.0545,-0.0293,0.0168, 
73.19946,-0.8004,0.8013,0.150,-0.03033382,0.5526,-0.6516,0.149,1.47325,-0.0549,0.0548,-0.0302,0.0158, 
73.29945,-0.8245,0.8150,0.150,-0.05195845,0.5333,-0.6294,0.150,1.48702,-0.0550,0.0546,-0.0312,0.0149, 
73.39945,-0.8352,0.8244,0.150,-0.07433357,0.5248,-0.6074,0.149,1.502694,-0.0550,0.0546,-0.0305,0.0156, 
73.49945,-0.8411,0.8374,0.149,-0.09793042,0.5282,-0.5967,0.149,1.510425,-0.0550,0.0547,-0.0302,0.0158, 
73.59945,-0.8645,0.8642,0.149,-0.1392773,0.5292,-0.5875,0.149,1.513794,-0.0550,0.0545,-0.0304,0.0157, 
73.69945,-0.8991,0.8985,0.149,-0.189089,0.5200,-0.5796,0.148,1.515958,-0.0550,0.0546,-0.0303,0.0158, 
73.79945,-0.9275,0.9347,0.149,-0.2513274,0.5227,-0.5822,0.148,1.517407,-0.0550,0.0547,-0.0299,0.0162, 
73.89944,-0.9544,0.9821,0.150,-0.3235317,0.5366,-0.5770,0.150,1.516848,-0.0550,0.0540,-0.0302,0.0158, 
73.99944,-0.9996,1.0362,0.150,-0.4048815,0.5303,-0.5747,0.150,1.515661,-0.0550,0.0530,-0.0306,0.0154, 
74.09944,-1.0436,1.0997,0.150,-0.494347,0.5331,-0.5739,0.150,1.516551,-0.0546,0.0542,-0.0308,0.0152, 
74.19944,-1.0904,1.1595,0.149,-0.5851216,0.5271,-0.5797,0.150,1.516848,-0.0548,0.0545,-0.0309,0.0152, 
74.29944,-1.1181,1.2197,0.150,-0.6724753,0.5323,-0.5806,0.150,1.516953,-0.0550,0.0541,-0.0307,0.0154, 
74.39944,-1.1471,1.2807,0.148,-0.7551516,0.5284,-0.5726,0.148,1.517005,-0.0550,0.0532,-0.0304,0.0157, 
74.49944,-1.1818,1.3395,0.149,-0.8255407,0.5062,-0.5694,0.149,1.516778,-0.0550,0.0538,-0.0310,0.0151, 
74.59943,-1.1859,1.3859,0.148,-0.8898387,0.5140,-0.5786,0.149,1.516935,-0.0550,0.0539,-0.0309,0.0152, 
74.69943,-1.1793,1.4250,0.150,-0.9367182,0.5283,-0.5830,0.150,1.515853,-0.0550,0.0539,-0.0316,0.0145, 
74.79943,-1.1810,1.4623,0.149,-0.9746617,0.5181,-0.5725,0.150,1.513131,-0.0550,0.0532,-0.0326,0.0135, 
74.89943,-1.1725,1.4957,0.150,-1.001121,0.5324,-0.5797,0.150,1.514038,-0.0538,0.0550,-0.0336,0.0124, 
74.99943,-1.1796,1.5201,0.150,-1.028453,0.5118,-0.5739,0.150,1.514911,-0.0545,0.0548,-0.0328,0.0133, 
75.09943,-1.1709,1.5380,0.149,-1.054109,0.5128,-0.5800,0.136,1.515853,-0.0550,0.0546,-0.0319,0.0142, 
75.19942,-1.1561,1.5525,0.150,-1.068176,0.5251,-0.5836,0.119,1.515051,-0.0550,0.0545,-0.0322,0.0138, 
75.29942,-1.1494,1.5652,0.149,-1.077392,0.5165,-0.5742,0.094,1.512956,-0.0550,0.0542,-0.0328,0.0133, 
75.39942,-1.1420,1.5725,0.150,-1.080394,0.5141,-0.5716,0.068,1.513741,-0.0550,0.0541,-0.0324,0.0137, 
75.49942,-1.1416,1.5788,0.150,-1.081581,0.4996,-0.5702,0.043,1.514213,-0.0550,0.0545,-0.0323,0.0138, 
75.59942,-1.1337,1.5781,0.149,-1.082191,0.4994,-0.5791,0.021,1.514527,-0.0550,0.0545,-0.0322,0.0139, 
75.69942,-1.1204,1.5831,0.150,-1.081947,0.5134,-0.5782,0.014,1.514562,-0.0549,0.0548,-0.0324,0.0137, 
75.79942,-1.1169,1.5848,0.150,-1.082069,0.5157,-0.5813,0.010,1.514003,-0.0547,0.0550,-0.0328,0.0133, 
75.89941,-1.1124,1.5873,0.150,-1.082139,0.5135,-0.5755,0.006,1.514754,-0.0549,0.0549,-0.0323,0.0138, 
75.99941,-1.1120,1.5888,0.150,-1.082471,0.5121,-0.5771,0.006,1.514143,-0.0549,0.0549,-0.0326,0.0135, 
76.09941,-1.1105,1.5871,0.150,-1.082052,0.5117,-0.5810,0.005,1.514614,-0.0549,0.0550,-0.0323,0.0138, 
76.19941,-1.1085,1.5889,0.150,-1.082209,0.5105,-0.5764,0.004,1.514876,-0.0549,0.0549,-0.0321,0.0139, 
76.29941,-1.1063,1.5851,0.150,-1.082104,0.5118,-0.5822,0.002,1.515295,-0.0550,0.0548,-0.0318,0.0143, 
76.39941,-1.1034,1.5877,0.150,-1.082104,0.5159,-0.5779,0.002,1.515347,-0.0550,0.0548,-0.0319,0.0142, 
76.4994,-1.1109,1.5858,0.150,-1.082855,0.5036,-0.5775,0.005,1.515365,-0.0550,0.0544,-0.0313,0.0148, 
76.5994,-1.1111,1.5829,0.150,-1.082401,0.4985,-0.5763,0.007,1.517145,-0.0550,0.0540,-0.0301,0.0160, 
76.6994,-1.1070,1.5805,0.150,-1.08165,0.5017,-0.5774,0.007,1.518489,-0.0550,0.0539,-0.0293,0.0168, 
76.7994,-1.1059,1.5795,0.141,-1.081598,0.5021,-0.5777,0.007,1.518855,-0.0550,0.0537,-0.0290,0.0171, 
76.8994,-1.1056,1.5789,0.124,-1.081633,0.5021,-0.5777,0.008,1.518995,-0.0550,0.0537,-0.0289,0.0172, 
76.9994,-1.1056,1.5787,0.104,-1.081668,0.5020,-0.5778,0.008,1.519082,-0.0550,0.0536,-0.0288,0.0173, 
77.0994,-1.1056,1.5786,0.081,-1.081703,0.5019,-0.5778,0.008,1.519117,-0.0550,0.0536,-0.0288,0.0173, 
77.19939,-1.1056,1.5785,0.059,-1.081755,0.5018,-0.5778,0.008,1.519135,-0.0550,0.0536,-0.0288,0.0173, 
77.29939,-1.1057,1.5785,0.048,-1.081807,0.5017,-0.5778,0.008,1.519135,-0.0550,0.0536,-0.0332,0.0243, 
77.39939,-1.1058,1.5785,0.042,-1.081842,0.5017,-0.5778,0.008,1.519135,-0.0550,0.0536,-0.0399,0.0348, 
77.49939,-1.1058,1.5785,0.040,-1.081877,0.5016,-0.5778,0.008,1.519117,-0.0550,0.0536,-0.0468,0.0455, 
77.59939,-1.1062,1.5784,0.038,-1.081895,0.5012,-0.5778,0.008,1.519152,-0.0550,0.0536,-0.0502,0.0509, 
77.69939,-1.1061,1.5785,0.037,-1.081964,0.5013,-0.5777,0.008,1.519047,-0.0550,0.0536,-0.0519,0.0535, 
77.79939,-1.1061,1.5786,0.037,-1.081999,0.5013,-0.5777,0.008,1.518995,-0.0550,0.0536,-0.0528,0.0548, 
77.89938,-1.1061,1.5786,0.037,-1.082017,0.5013,-0.5777,0.008,1.51896,-0.0550,0.0536,-0.0533,0.0550, 
77.99938,-1.1061,1.5786,0.037,-1.082017,0.5013,-0.5777,0.008,1.518943,-0.0550,0.0536,-0.0535,0.0550, 
78.09938,-1.1061,1.5786,0.037,-1.082017,0.5013,-0.5777,0.008,1.518943,-0.0550,0.0536,-0.0536,0.0550, 
78.19938,-1.1061,1.5786,0.037,-1.082017,0.5013,-0.5777,0.008,1.518943,-0.0550,0.0536,-0.0537,0.0550, 
78.29938,-1.1061,1.5787,0.037,-1.082017,0.5013,-0.5777,0.008,1.518943,-0.0550,0.0536,-0.0537,0.0550, 
78.39938,-1.1061,1.5787,0.037,-1.082017,0.5013,-0.5777,0.008,1.518943,-0.0550,0.0536,-0.0537,0.0550, 
78.49937,-1.1061,1.5787,0.037,-1.082017,0.5013,-0.5777,0.008,1.518943,-0.0550,0.0536,-0.0537,0.0550, 
78.59937,-1.1061,1.5787,0.037,-1.082017,0.5013,-0.5777,0.008,1.518943,-0.0550,0.0536,-0.0537,0.0550, 
78.69937,-1.1061,1.5787,0.037,-1.082017,0.5013,-0.5777,0.008,1.518943,-0.0550,0.0536,-0.0537,0.0550, 
78.79937,-1.1061,1.5787,0.037,-1.082017,0.5013,-0.5777,0.008,1.518943,-0.0550,0.0536,-0.0537,0.0550, 
78.89937,-1.1061,1.5786,0.037,-1.082034,0.5013,-0.5777,0.008,1.518943,-0.0512,0.0466,-0.0537,0.0550, 
78.99937,-1.1061,1.5786,0.037,-1.082069,0.5013,-0.5777,0.008,1.518943,-0.0448,0.0361,-0.0537,0.0550, 
79.09937,-1.1061,1.5785,0.037,-1.082104,0.5013,-0.5777,0.008,1.518943,-0.0381,0.0253,-0.0537,0.0550, 
79.19936,-1.1061,1.5785,0.037,-1.082122,0.5013,-0.5778,0.021,1.518943,-0.0348,0.0199,-0.0537,0.0550, 
79.29936,-1.1062,1.5785,0.037,-1.082139,0.5013,-0.5778,0.042,1.51896,-0.0331,0.0173,-0.0537,0.0550, 
79.39936,-1.1062,1.5784,0.037,-1.082156,0.5013,-0.5778,0.066,1.518977,-0.0323,0.0159,-0.0538,0.0550, 
79.49936,-1.1062,1.5784,0.037,-1.082174,0.5014,-0.5779,0.091,1.518995,-0.0319,0.0152,-0.0538,0.0550, 
79.59936,-1.1062,1.5784,0.037,-1.082191,0.5015,-0.5779,0.118,1.519012,-0.0317,0.0149,-0.0538,0.0550, 
79.69936,-1.1062,1.5783,0.037,-1.082191,0.5016,-0.5780,0.137,1.51903,-0.0316,0.0147,-0.0539,0.0550, 
79.79935,-1.1064,1.5784,0.037,-1.082226,0.5017,-0.5780,0.147,1.519047,-0.0316,0.0146,-0.0539,0.0550, 
79.89935,-1.1063,1.5783,0.037,-1.082209,0.5017,-0.5781,0.150,1.519047,-0.0316,0.0146,-0.0539,0.0550, 
79.99935,-1.1062,1.5782,0.037,-1.082226,0.5017,-0.5781,0.150,1.519065,-0.0316,0.0145,-0.0539,0.0550, 
80.09935,-1.1062,1.5782,0.037,-1.082244,0.5017,-0.5781,0.150,1.519065,-0.0316,0.0145,-0.0539,0.0550, 
80.19935,-1.1061,1.5781,0.037,-1.082244,0.5017,-0.5782,0.150,1.519065,-0.0316,0.0145,-0.0539,0.0550, 
80.29935,-1.1062,1.5781,0.037,-1.082244,0.5017,-0.5782,0.150,1.519065,-0.0316,0.0145,-0.0539,0.0550, 
80.39935,-1.1062,1.5781,0.037,-1.082244,0.5017,-0.5782,0.150,1.519065,-0.0316,0.0145,-0.0539,0.0550, 
80.49934,-1.1062,1.5781,0.037,-1.082261,0.5017,-0.5782,0.150,1.519065,-0.0316,0.0145,-0.0539,0.0550, 
80.59934,-1.1062,1.5781,0.037,-1.082261,0.5017,-0.5782,0.150,1.519065,-0.0315,0.0145,-0.0539,0.0550, 
80.69934,-1.1062,1.5781,0.037,-1.082261,0.5017,-0.5782,0.150,1.519065,-0.0315,0.0145,-0.0539,0.0550, 
80.79934,-1.1062,1.5782,0.049,-1.082261,0.5017,-0.5782,0.150,1.519065,-0.0316,0.0145,-0.0539,0.0550, 
80.89934,-1.1063,1.5782,0.067,-1.082244,0.5017,-0.5782,0.150,1.519065,-0.0316,0.0145,-0.0540,0.0550, 
80.99934,-1.1062,1.5781,0.089,-1.082244,0.5016,-0.5782,0.150,1.519047,-0.0315,0.0146,-0.0540,0.0550, 
81.09933,-1.1061,1.5782,0.112,-1.082209,0.5016,-0.5782,0.150,1.519047,-0.0314,0.0146,-0.0540,0.0550, 
81.19933,-1.1061,1.5782,0.134,-1.082156,0.5016,-0.5783,0.150,1.51903,-0.0314,0.0146,-0.0540,0.0550, 
81.29933,-1.1060,1.5782,0.146,-1.082122,0.5016,-0.5783,0.150,1.51903,-0.0314,0.0147,-0.0540,0.0550, 
81.39933,-1.1064,1.5783,0.150,-1.082209,0.4998,-0.5817,0.150,1.503933,-0.0314,0.0146,-0.0540,0.0550, 
81.49933,-1.1071,1.5785,0.150,-1.082348,0.4974,-0.5868,0.150,1.481331,-0.0315,0.0146,-0.0540,0.0550, 
81.59933,-1.1079,1.5788,0.150,-1.082506,0.4956,-0.5920,0.150,1.454994,-0.0315,0.0146,-0.0540,0.0550, 
81.69933,-1.1087,1.5789,0.150,-1.082628,0.4949,-0.5974,0.150,1.426807,-0.0315,0.0146,-0.0540,0.0550, 
81.79932,-1.1094,1.5789,0.150,-1.082732,0.4953,-0.6027,0.150,1.397695,-0.0315,0.0145,-0.0540,0.0550, 
81.89932,-1.1100,1.5788,0.150,-1.082837,0.4968,-0.6077,0.150,1.368129,-0.0316,0.0145,-0.0540,0.0550, 
81.99932,-1.1105,1.5788,0.150,-1.082907,0.4990,-0.6125,0.150,1.338336,-0.0316,0.0145,-0.0540,0.0550, 
82.09932,-1.1109,1.5786,0.150,-1.082977,0.5019,-0.6171,0.150,1.308438,-0.0316,0.0145,-0.0540,0.0550, 
82.19932,-1.1112,1.5785,0.150,-1.083047,0.5052,-0.6214,0.150,1.278471,-0.0317,0.0144,-0.0540,0.0550, 
82.29932,-1.1115,1.5783,0.150,-1.083099,0.5090,-0.6257,0.150,1.248504,-0.0317,0.0144,-0.0540,0.0550, 
82.39931,-1.1116,1.5781,0.150,-1.083151,0.5130,-0.6299,0.150,1.218502,-0.0317,0.0144,-0.0540,0.0550, 
82.49931,-1.1117,1.5779,0.150,-1.083204,0.5172,-0.6339,0.150,1.188517,-0.0318,0.0143,-0.0540,0.0550, 
82.59931,-1.1118,1.5777,0.150,-1.083239,0.5216,-0.6379,0.150,1.158515,-0.0318,0.0143,-0.0540,0.0550, 
82.69931,-1.1118,1.5775,0.150,-1.083291,0.5261,-0.6419,0.150,1.12853,-0.0318,0.0142,-0.0540,0.0550, 
82.79931,-1.1117,1.5773,0.150,-1.083326,0.5307,-0.6458,0.150,1.098528,-0.0319,0.0142,-0.0540,0.0550, 
82.89931,-1.1111,1.5659,0.150,-1.096294,0.5354,-0.6498,0.150,1.068543,-0.0319,0.0142,-0.0540,0.0550, 
82.99931,-1.1106,1.5488,0.150,-1.115719,0.5401,-0.6537,0.150,1.038558,-0.0319,0.0141,-0.0540,0.0550, 
83.0993,-1.1101,1.5288,0.150,-1.138391,0.5448,-0.6576,0.150,1.008573,-0.0320,0.0141,-0.0539,0.0550, 
83.1993,-1.1098,1.5073,0.150,-1.162668,0.5496,-0.6614,0.150,0.9785712,-0.0320,0.0140,-0.0539,0.0550, 
83.2993,-1.1094,1.4851,0.150,-1.187749,0.5544,-0.6653,0.150,0.9485864,-0.0321,0.0140,-0.0539,0.0550, 
83.3993,-1.1084,1.4493,0.150,-1.22845,0.5593,-0.6692,0.150,0.9186192,-0.0321,0.0140,-0.0539,0.0550, 
83.4993,-1.1074,1.4043,0.150,-1.279675,0.5641,-0.6731,0.150,0.8886344,-0.0321,0.0139,-0.0539,0.0550, 
83.5993,-1.1063,1.3489,0.150,-1.342734,0.5690,-0.6770,0.150,0.8586671,-0.0322,0.0139,-0.0539,0.0550, 
83.6993,-1.1052,1.2854,0.150,-1.414938,0.5739,-0.6808,0.150,0.8286823,-0.0322,0.0138,-0.0539,0.0550, 
83.79929,-1.1040,1.2121,0.150,-1.498365,0.5788,-0.6847,0.150,0.7987325,-0.0323,0.0137,-0.0539,0.0550, 
83.89929,-1.1028,1.1302,0.150,-1.591548,0.5837,-0.6886,0.150,0.7687652,-0.0323,0.0137,-0.0539,0.0550, 
83.99929,-1.1015,1.0407,0.150,-1.693318,0.5887,-0.6925,0.150,0.7387979,-0.0324,0.0136,-0.0539,0.0550, 
84.09929,-1.1004,0.9468,0.150,-1.800185,0.5936,-0.6964,0.150,0.7088305,-0.0324,0.0136,-0.0539,0.0550, 
84.19929,-1.0997,0.8538,0.150,-1.905865,0.5985,-0.7002,0.150,0.6788458,-0.0325,0.0135,-0.0539,0.0550, 
84.29929,-1.0994,0.7661,0.150,-2.005366,0.6034,-0.7040,0.150,0.6488785,-0.0325,0.0135,-0.0539,0.0550, 
84.39928,-1.0993,0.6845,0.150,-2.097886,0.6083,-0.7079,0.150,0.6188937,-0.0325,0.0135,-0.0540,0.0550, 
84.49928,-1.0993,0.6088,0.150,-2.183634,0.6131,-0.7117,0.150,0.5889264,-0.0325,0.0134,-0.0540,0.0550, 
84.59928,-1.0997,0.5426,0.150,-2.258473,0.6180,-0.7155,0.150,0.5589417,-0.0325,0.0134,-0.0540,0.0550, 
84.69928,-1.1000,0.4825,0.150,-2.326489,0.6228,-0.7193,0.150,0.5289569,-0.0325,0.0134,-0.0540,0.0550, 
84.79928,-1.1010,0.4358,0.150,-2.378971,0.6277,-0.7232,0.150,0.4989722,-0.0325,0.0135,-0.0540,0.0550, 
84.89928,-1.1021,0.4010,0.150,-2.417944,0.6326,-0.7270,0.150,0.46897,-0.0324,0.0135,-0.0540,0.0550, 
84.99928,-1.1029,0.3723,0.150,-2.450163,0.6375,-0.7308,0.150,0.4389852,-0.0324,0.0135,-0.0540,0.0550, 
85.09927,-1.1034,0.3465,0.150,-2.479013,0.6424,-0.7346,0.150,0.4090005,-0.0324,0.0135,-0.0541,0.0550, 
85.19927,-1.1037,0.3223,0.150,-2.506171,0.6473,-0.7384,0.150,0.3790157,-0.0324,0.0135,-0.0541,0.0550, 
85.29927,-1.1043,0.3040,0.150,-2.526521,0.6521,-0.7421,0.150,0.3490309,-0.0325,0.0135,-0.0541,0.0550, 
85.39927,-1.1050,0.2945,0.150,-2.536644,0.6568,-0.7457,0.150,0.3190636,-0.0325,0.0134,-0.0541,0.0550, 
85.49927,-1.1056,0.2896,0.150,-2.541653,0.6618,-0.7495,0.150,0.2891662,-0.0325,0.0134,-0.0541,0.0550, 
85.59927,-1.1101,0.2912,0.150,-2.54462,0.6753,-0.7594,0.150,0.2591116,-0.0313,0.0147,-0.0544,0.0550, 
85.69926,-1.1132,0.2921,0.150,-2.546261,0.6848,-0.7661,0.150,0.2286556,-0.0307,0.0152,-0.0547,0.0550, 
85.79926,-1.1144,0.2923,0.150,-2.547011,0.6927,-0.7712,0.150,0.1985487,-0.0304,0.0155,-0.0548,0.0550, 
85.89926,-1.1147,0.2964,0.150,-2.547762,0.6966,-0.7714,0.150,0.1675691,-0.0302,0.0157,-0.0550,0.0547, 
85.99926,-1.1205,0.2944,0.149,-2.547936,0.6979,-0.7803,0.149,0.1377588,-0.0301,0.0159,-0.0550,0.0548, 
86.09926,-1.1119,0.2945,0.150,-2.54825,0.7195,-0.7823,0.150,0.1064651,-0.0299,0.0160,-0.0550,0.0543, 
86.19926,-1.1117,0.2965,0.150,-2.54853,0.7265,-0.7902,0.150,0.07576475,-0.0296,0.0163,-0.0550,0.0540, 
86.29926,-1.1119,0.2949,0.150,-2.548547,0.7297,-0.7928,0.150,0.04551819,-0.0297,0.0162,-0.0550,0.0540, 
86.39925,-1.1115,0.2954,0.150,-2.548582,0.7358,-0.7966,0.150,0.0211883,-0.0296,0.0163,-0.0550,0.0539, 
86.49925,-1.1082,0.2965,0.150,-2.548704,0.7474,-0.7983,0.150,0.00895354,-0.0295,0.0164,-0.0550,0.0539, 
86.59925,-1.1075,0.2974,0.150,-2.548635,0.7515,-0.7900,0.150,0.003228859,-0.0297,0.0162,-0.0550,0.0541, 
86.69925,-1.1029,0.2924,0.150,-2.548163,0.7572,-0.7925,0.150,0.001064651,-0.0299,0.0160,-0.0550,0.0543, 
86.79925,-1.1016,0.2925,0.149,-2.548093,0.7650,-0.7918,0.149,3.490658E-05,-0.0299,0.0160,-0.0550,0.0545, 
86.89925,-1.0996,0.2956,0.150,-2.548059,0.7735,-0.7847,0.149,-0.0004014257,-0.0299,0.0160,-0.0550,0.0546, 
86.99924,-1.1113,0.2963,0.139,-2.548722,0.7595,-0.7857,0.150,-0.002775073,-0.0298,0.0160,-0.0550,0.0541, 
87.09924,-1.1025,0.2878,0.121,-2.546139,0.7658,-0.7888,0.150,0.003909538,-0.0297,0.0162,-0.0534,0.0550, 
87.19924,-1.0975,0.2832,0.093,-2.54565,0.7639,-0.7843,0.147,0.005811946,-0.0306,0.0154,-0.0528,0.0550, 
87.29924,-1.0983,0.2909,0.071,-2.546784,0.7711,-0.7836,0.150,0.002443461,-0.0301,0.0159,-0.0541,0.0548, 
87.39924,-1.1015,0.2911,0.044,-2.5475,0.7727,-0.7841,0.150,0.000122173,-0.0300,0.0160,-0.0549,0.0546, 
87.49924,-1.1016,0.2905,0.026,-2.54764,0.7729,-0.7862,0.149,-0.000122173,-0.0301,0.0159,-0.0550,0.0547, 
87.59924,-1.1024,0.2934,0.018,-2.547901,0.7749,-0.7829,0.149,-0.0006981317,-0.0301,0.0159,-0.0550,0.0546, 
87.69923,-0.7764,0.6342,0.084,-1.275644,0.7305,-0.7739,0.149,-0.0005235987,-0.0424,0.0355,-0.0550,0.0548, 
87.79923,-0.9629,0.4520,0.048,-1.910298,0.7410,-0.7988,0.150,0.01036726,-0.0362,0.0258,-0.0550,0.0546, 
87.89923,-1.0627,0.3418,0.011,-2.227511,0.7778,-0.8030,0.133,0.03239331,-0.0346,0.0194,-0.0539,0.0550, 
87.99923,-1.1139,0.3017,0.010,-2.387471,0.8063,-0.8190,0.141,0.04996878,-0.0325,0.0175,-0.0550,0.0544, 
88.09923,-1.1322,0.2857,0.010,-2.467616,0.8265,-0.8356,0.145,0.07229154,-0.0313,0.0168,-0.0550,0.0547, 
88.19923,-1.1284,0.2820,0.015,-2.504966,0.8157,-0.8511,0.146,0.09538224,-0.0550,0.0055,-0.0550,0.0548, 
88.29922,-1.1346,0.2770,0.012,-2.528337,0.8315,-0.8833,0.148,0.1226443,-0.0471,0.0055,-0.0550,0.0549, 
88.39922,-1.1407,0.2801,0.014,-2.545754,0.8518,-0.9073,0.148,0.1521229,-0.0550,0.0062,-0.0548,0.0550, 
88.49922,-1.1574,0.2760,0.012,-2.555877,0.8685,-0.9383,0.148,0.1820553,-0.0550,0.0055,-0.0546,0.0550, 
88.59922,-1.1546,0.2797,0.013,-2.55874,0.8765,-0.9629,0.148,0.2120052,-0.0549,0.0055,-0.0545,0.0550, 
88.69922,-1.1451,0.2835,0.011,-2.557797,0.8797,-0.9881,0.148,0.2413441,-0.0457,0.0088,-0.0546,0.0550, 
88.79922,-1.1436,0.2776,0.011,-2.555406,0.8868,-1.0229,0.149,0.2704562,-0.0350,0.0072,-0.0549,0.0549, 
88.89922,-1.1254,0.2800,0.010,-2.551584,0.9011,-1.0475,0.149,0.2994112,-0.0323,0.0118,-0.0550,0.0546, 
88.99921,-1.1167,0.2856,0.013,-2.550572,0.8957,-1.0702,0.149,0.3294134,-0.0421,0.0055,-0.0550,0.0548, 
89.09921,-1.1200,0.2849,0.012,-2.552404,0.9044,-1.1041,0.149,0.3596949,-0.0369,0.0079,-0.0550,0.0549, 
