%time,field.header.seq,field.header.stamp,field.header.frame_id,field.name0,field.name1,field.name2,field.name3,field.name4,field.name5,field.name6,field.name7,field.name8,field.name9,field.name10,field.name11,field.position0,field.position1,field.position2,field.position3,field.position4,field.position5,field.position6,field.position7,field.position8,field.position9,field.position10,field.position11
1649767629742647757,174,1649767629742002010,,duarolower_joint1,duarolower_joint2,duarolower_joint3,duarolower_joint4,duaroupper_joint1,duaroupper_joint2,duaroupper_joint3,duaroupper_joint4,lower_gripper_finger_left_joint,lower_gripper_finger_right_joint,upper_gripper_finger_left_joint,upper_gripper_finger_right_joint,-0.7799867573288736,0.7800238710973412,0.08991080874982289,-1.670606127008796e-05,0.7800703069854062,-0.7799684551694896,0.09008749487940222,3.783325934782624e-05,-0.05491074534484651,0.05498710788353346,-0.05494172602067701,0.05498331488436088
1649767629843058211,175,1649767629842096567,,duarolower_joint1,duarolower_joint2,duarolower_joint3,duarolower_joint4,duaroupper_joint1,duaroupper_joint2,duaroupper_joint3,duaroupper_joint4,lower_gripper_finger_left_joint,lower_gripper_finger_right_joint,upper_gripper_finger_left_joint,upper_gripper_finger_right_joint,-0.7799867573288736,0.7800238710973412,0.08991080874982289,-1.670606127008796e-05,0.7800703069854062,-0.7799684551694896,0.09008749487940222,3.783325934782624e-05,-0.05491074534484651,0.05498710788353346,-0.05494172602067701,0.05498331488436088
1649767629942781498,176,1649767629941999435,,duarolower_joint1,duarolower_joint2,duarolower_joint3,duarolower_joint4,duaroupper_joint1,duaroupper_joint2,duaroupper_joint3,duaroupper_joint4,lower_gripper_finger_left_joint,lower_gripper_finger_right_joint,upper_gripper_finger_left_joint,upper_gripper_finger_right_joint,-0.7799867573288736,0.7800238710973412,0.08991080874982289,-1.670606127008796e-05,0.7800703069854062,-0.7799684551694896,0.09008749487940222,3.783325934782624e-05,-0.05491074534484651,0.05498710788353346,-0.05494172602067701,0.05498331488436088
1649767630043004498,177,1649767630042059659,,duarolower_joint1,duarolower_joint2,duarolower_joint3,duarolower_joint4,duaroupper_joint1,duaroupper_joint2,duaroupper_joint3,duaroupper_joint4,lower_gripper_finger_left_joint,lower_gripper_finger_right_joint,upper_gripper_finger_left_joint,upper_gripper_finger_right_joint,-0.7799867573288736,0.7800238710973412,0.08991080874982289,-1.670606127008796e-05,0.7800703069854062,-0.7799684551694896,0.09008749487940222,3.783325934782624e-05,-0.05491074534484651,0.05498710788353346,-0.05494172602067701,0.05498331488436088
1649767630142731207,178,1649767630142009496,,duarolower_joint1,duarolower_joint2,duarolower_joint3,duarolower_joint4,duaroupper_joint1,duaroupper_joint2,duaroupper_joint3,duaroupper_joint4,lower_gripper_finger_left_joint,lower_gripper_finger_right_joint,upper_gripper_finger_left_joint,upper_gripper_finger_right_joint,-0.7799867573288736,0.7800238710973412,0.08991080874982289,-1.670606127008796e-05,0.7800703069854062,-0.7799684551694896,0.09008749487940222,3.783325934782624e-05,-0.05491074534484651,0.05498710788353346,-0.05494172602067701,0.05498331488436088
1649767630242856010,179,1649767630242080688,,duarolower_joint1,duarolower_joint2,duarolower_joint3,duarolower_joint4,duaroupper_joint1,duaroupper_joint2,duaroupper_joint3,duaroupper_joint4,lower_gripper_finger_left_joint,lower_gripper_finger_right_joint,upper_gripper_finger_left_joint,upper_gripper_finger_right_joint,-0.7799867573288736,0.7800238710973412,0.08991080874982289,-1.670606127008796e-05,0.7800703069854062,-0.7799684551694896,0.09008749487940222,3.783325934782624e-05,-0.05491074534484651,0.05498710788353346,-0.05494172602067701,0.05498331488436088
1649767630342954693,180,1649767630342139720,,duarolower_joint1,duarolower_joint2,duarolower_joint3,duarolower_joint4,duaroupper_joint1,duaroupper_joint2,duaroupper_joint3,duaroupper_joint4,lower_gripper_finger_left_joint,lower_gripper_finger_right_joint,upper_gripper_finger_left_joint,upper_gripper_finger_right_joint,-0.7799886654155079,0.7800308415138109,0.08991080884940425,-2.2183658430428324e-05,0.780070306225055,-0.7799684561725607,0.09008749358800264,3.7833627557485946e-05,-0.054910745766305176,0.05498710727417373,-0.05494172623846106,0.054983314705668945
1649767630442695440,181,1649767630442041873,,duarolower_joint1,duarolower_joint2,duarolower_joint3,duarolower_joint4,duaroupper_joint1,duaroupper_joint2,duaroupper_joint3,duaroupper_joint4,lower_gripper_finger_left_joint,lower_gripper_finger_right_joint,upper_gripper_finger_left_joint,upper_gripper_finger_right_joint,-0.786672805450402,0.8044486215798662,0.08991115768879122,-0.019210529625095906,0.780067642669989,-0.7799719699897087,0.09008296973905995,3.9123487715476794e-05,-0.05491222216086906,0.05498497265110072,-0.054942489148818476,0.054982688737272765
1649767630542556803,182,1649767630541950941,,duarolower_joint1,duarolower_joint2,duarolower_joint3,duarolower_joint4,duaroupper_joint1,duaroupper_joint2,duaroupper_joint3,duaroupper_joint4,lower_gripper_finger_left_joint,lower_gripper_finger_right_joint,upper_gripper_finger_left_joint,upper_gripper_finger_right_joint,-0.7933529846274255,0.8288519322667868,0.0899115063214645,-0.038387505047346206,0.7800649806932803,-0.7799754817246547,0.09007844857083948,4.0412583533891873e-05,-0.05491369768055764,0.054982839292953126,-0.05494325160709388,0.05498206313981015
1649767630642596400,183,1649767630641981840,,duarolower_joint1,duarolower_joint2,duarolower_joint3,duarolower_joint4,duaroupper_joint1,duaroupper_joint2,duaroupper_joint3,duaroupper_joint4,lower_gripper_finger_left_joint,lower_gripper_finger_right_joint,upper_gripper_finger_left_joint,upper_gripper_finger_right_joint,-0.8000325760483036,0.8532530958262956,0.0899118549234633,-0.05756279318174725,0.780062318950786,-0.7799789931506204,0.0900739278004144,4.170156593109933e-05,-0.0549151730704225,0.05498070612250923,-0.05494401399828432,0.05498143759739078
1649767630743168117,184,1649767630742037057,,duarolower_joint1,duarolower_joint2,duarolower_joint3,duarolower_joint4,duaroupper_joint1,duaroupper_joint2,duaroupper_joint3,duaroupper_joint4,lower_gripper_finger_left_joint,lower_gripper_finger_right_joint,upper_gripper_finger_left_joint,upper_gripper_finger_right_joint,-0.8067147800081754,0.8776638032317189,0.08991220366180822,-0.07674558120421196,0.7800596561672242,-0.779982505949984,0.09006940526181394,4.2991052478420585e-05,-0.05491664903734563,0.05497857211773422,-0.05494477668766317,0.054980811810307645
1649767630842619233,185,1649767630842090129,,duarolower_joint1,duarolower_joint2,duarolower_joint3,duarolower_joint4,duaroupper_joint1,duaroupper_joint2,duaroupper_joint3,duaroupper_joint4,lower_gripper_finger_left_joint,lower_gripper_finger_right_joint,upper_gripper_finger_left_joint,upper_gripper_finger_right_joint,-0.8141752766475061,0.9049176855818378,0.08991259301856325,-0.09816263558238107,0.7800566832427319,-0.7799864278937025,0.09006435597205377,4.443072868563066e-05,-0.054918296913755264,0.054976189560190646,-0.05494562820934403,0.05498011313626856
1649767630942821350,186,1649767630942190885,,duarolower_joint1,duarolower_joint2,duarolower_joint3,duarolower_joint4,duaroupper_joint1,duaroupper_joint2,duaroupper_joint3,duaroupper_joint4,lower_gripper_finger_left_joint,lower_gripper_finger_right_joint,upper_gripper_finger_left_joint,upper_gripper_finger_right_joint,-0.8302122490023012,0.9635022247806792,0.08991342997403932,-0.14420041638817085,0.7800502926885636,-0.7799948584454517,0.09005350209406014,4.752543519795145e-05,-0.054921839164318864,0.054971068050014164,-0.054947458627654724,0.05497861127696997
1649767631042575437,187,1649767631042048931,,duarolower_joint1,duarolower_joint2,duarolower_joint3,duarolower_joint4,duaroupper_joint1,duaroupper_joint2,duaroupper_joint3,duaroupper_joint4,lower_gripper_finger_left_joint,lower_gripper_finger_right_joint,upper_gripper_finger_left_joint,upper_gripper_finger_right_joint,-0.8464374578394848,1.0227744092118731,0.08991427675341178,-0.1907785728786059,0.7800438271242619,-0.7800033879521264,0.09004252081696844,5.06564663141324e-05,-0.05492542299260494,0.0549658864253074,-0.05494931053078789,0.05497709178936193
1649767631142687878,188,1649767631142056465,,duarolower_joint1,duarolower_joint2,duarolower_joint3,duarolower_joint4,duaroupper_joint1,duaroupper_joint2,duaroupper_joint3,duaroupper_joint4,lower_gripper_finger_left_joint,lower_gripper_finger_right_joint,upper_gripper_finger_left_joint,upper_gripper_finger_right_joint,-0.8674070675940431,1.0993783277989753,0.08991537113889346,-0.25097661251509995,0.7800354709692434,-0.7800144115653299,0.09002832851303384,5.470303984637734e-05,-0.05493005476538151,0.05495918964567974,-0.05495170394750107,0.05497512798954355
1649767631242599038,189,1649767631242057800,,duarolower_joint1,duarolower_joint2,duarolower_joint3,duarolower_joint4,duaroupper_joint1,duaroupper_joint2,duaroupper_joint3,duaroupper_joint4,lower_gripper_finger_left_joint,lower_gripper_finger_right_joint,upper_gripper_finger_left_joint,upper_gripper_finger_right_joint,-0.8900712806800045,1.1821727886591886,0.08991655396423191,-0.31603939688008187,0.7800264395337453,-0.7800263260225634,0.09001298929574181,5.907662647370474e-05,-0.054935060842576204,0.05495195168358853,-0.054954290781830645,0.05497300549045736
1649767631342611048,190,1649767631342053651,,duarolower_joint1,duarolower_joint2,duarolower_joint3,duarolower_joint4,duaroupper_joint1,duaroupper_joint2,duaroupper_joint3,duaroupper_joint4,lower_gripper_finger_left_joint,lower_gripper_finger_right_joint,upper_gripper_finger_left_joint,upper_gripper_finger_right_joint,-0.9141677123391252,1.2701992760693175,0.08991781153579746,-0.38521369077930384,0.78001683737516,-0.7800389933895436,0.08999668074799827,6.372659295923508e-05,-0.05494038326857638,0.05494425633329242,-0.05495704108586281,0.054970748864384224
1649767631442547769,191,1649767631442045688,,duarolower_joint1,duarolower_joint2,duarolower_joint3,duarolower_joint4,duaroupper_joint1,duaroupper_joint2,duaroupper_joint3,duaroupper_joint4,lower_gripper_finger_left_joint,lower_gripper_finger_right_joint,upper_gripper_finger_left_joint,upper_gripper_finger_right_joint,-0.9351969366716526,1.3470209722083533,0.08991890903251151,-0.44558286763625643,0.7800084574643988,-0.7800500483418162,0.08998244809671246,6.778467050973163e-05,-0.05494502820903621,0.0549375405153662,-0.05495944130682886,0.05496877948167238
1649767631543033512,192,1649767631542194128,,duarolower_joint1,duarolower_joint2,duarolower_joint3,duarolower_joint4,duaroupper_joint1,duaroupper_joint2,duaroupper_joint3,duaroupper_joint4,lower_gripper_finger_left_joint,lower_gripper_finger_right_joint,upper_gripper_finger_left_joint,upper_gripper_finger_right_joint,-0.9533979435757494,1.4135109292177643,0.08991985892704656,-0.4978330023722517,0.7800012045666594,-0.7800596165151096,0.08997012959270013,7.129697778012872e-05,-0.054949048452105645,0.054931727906850115,-0.054961518722414116,0.054967074960964986
1649767631642737033,193,1649767631642123699,,duarolower_joint1,duarolower_joint2,duarolower_joint3,duarolower_joint4,duaroupper_joint1,duaroupper_joint2,duaroupper_joint3,duaroupper_joint4,lower_gripper_finger_left_joint,lower_gripper_finger_right_joint,upper_gripper_finger_left_joint,upper_gripper_finger_right_joint,-0.9694722912111753,1.4722320037640981,0.08992069783310563,-0.5439780774315437,0.7799947991188598,-0.7800680667148465,0.08995925041898814,7.43988967214423e-05,-0.05495259895813081,0.054926594460637586,-0.054963353406642115,0.05496556960147874
1649767631742554745,194,1649767631742057800,,duarolower_joint1,duarolower_joint2,duarolower_joint3,duarolower_joint4,duaroupper_joint1,duaroupper_joint2,duaroupper_joint3,duaroupper_joint4,lower_gripper_finger_left_joint,lower_gripper_finger_right_joint,upper_gripper_finger_left_joint,upper_gripper_finger_right_joint,-0.9805728850292836,1.5127834968564298,0.08992127716332945,-0.575844859621224,0.779990375656343,-0.7800739022384454,0.0899517374989498,7.65410142745262e-05,-0.054955050860138153,0.054923049414668385,-0.05496462039954668,0.05496453003305667
1649767631842551669,195,1649767631842040777,,duarolower_joint1,duarolower_joint2,duarolower_joint3,duarolower_joint4,duaroupper_joint1,duaroupper_joint2,duaroupper_joint3,duaroupper_joint4,lower_gripper_finger_left_joint,lower_gripper_finger_right_joint,upper_gripper_finger_left_joint,upper_gripper_finger_right_joint,-0.9872180845763692,1.5370590237288042,0.08992162397044663,-0.5949214180507821,0.7799877276186258,-0.7800773955847844,0.08994724000506307,7.78233599604242e-05,-0.05495651865351711,0.05492092722749039,-0.05496537886533811,0.0549639077114295
1649767631942792199,196,1649767631942191362,,duarolower_joint1,duarolower_joint2,duarolower_joint3,duarolower_joint4,duaroupper_joint1,duaroupper_joint2,duaroupper_joint3,duaroupper_joint4,lower_gripper_finger_left_joint,lower_gripper_finger_right_joint,upper_gripper_finger_left_joint,upper_gripper_finger_right_joint,-0.99386208209426,1.5613301594776599,0.08992197071483096,-0.6139945257818316,0.7799850800599039,-0.7800808882992231,0.08994274332471383,7.91054736868541e-05,-0.054957986181391555,0.054918805424188144,-0.05496613719393305,0.054963285502372124
1649767632042702451,197,1649767632042036533,,duarolower_joint1,duarolower_joint2,duarolower_joint3,duarolower_joint4,duaroupper_joint1,duaroupper_joint2,duaroupper_joint3,duaroupper_joint4,lower_gripper_finger_left_joint,lower_gripper_finger_right_joint,upper_gripper_finger_left_joint,upper_gripper_finger_right_joint,-1.0005085533110176,1.5856103318766404,0.08992231758831545,-0.6330747348287461,0.7799824315154406,-0.7800843823140722,0.08993824497015669,8.03880647709687e-05,-0.054959454255657236,0.05491668283089427,-0.05496689580486955,0.05496266306165334
1649767632142576873,198,1649767632141992092,,duarolower_joint1,duarolower_joint2,duarolower_joint3,duarolower_joint4,duaroupper_joint1,duaroupper_joint2,duaroupper_joint3,duaroupper_joint4,lower_gripper_finger_left_joint,lower_gripper_finger_right_joint,upper_gripper_finger_left_joint,upper_gripper_finger_right_joint,-1.0071564354119513,1.6098956583656505,0.08992266453543275,-0.6521589941399503,0.7799797824087558,-0.7800878770706157,0.0899337456607083,8.167092811797379e-05,-0.05496092264155938,0.05491455978702547,-0.05496765457684069,0.05496204048880553
1649767632242425734,199,1649767632241999149,,duarolower_joint1,duarolower_joint2,duarolower_joint3,duarolower_joint4,duaroupper_joint1,duaroupper_joint2,duaroupper_joint3,duaroupper_joint4,lower_gripper_finger_left_joint,lower_gripper_finger_right_joint,upper_gripper_finger_left_joint,upper_gripper_finger_right_joint,-1.00991579200821,1.6199758425239008,0.08992280854382552,-0.6600803555623629,0.7799786828360055,-0.7800893276498188,0.08993187811868265,8.220341010019184e-05,-0.05496153212895151,0.054913678568764585,-0.054967969522625205,0.054961782075604426
1649767632342511706,200,1649767632341995716,,duarolower_joint1,duarolower_joint2,duarolower_joint3,duarolower_joint4,duaroupper_joint1,duaroupper_joint2,duaroupper_joint3,duaroupper_joint4,lower_gripper_finger_left_joint,lower_gripper_finger_right_joint,upper_gripper_finger_left_joint,upper_gripper_finger_right_joint,-1.00991579200821,1.6199758425239008,0.08992280854382552,-0.6600803555623629,0.7799786828360055,-0.7800893276498188,0.08993187811868265,8.220341010019184e-05,-0.05496153212895151,0.054913678568764585,-0.054967969522625205,0.054961782075604426
1649767632442689519,201,1649767632442141532,,duarolower_joint1,duarolower_joint2,duarolower_joint3,duarolower_joint4,duaroupper_joint1,duaroupper_joint2,duaroupper_joint3,duaroupper_joint4,lower_gripper_finger_left_joint,lower_gripper_finger_right_joint,upper_gripper_finger_left_joint,upper_gripper_finger_right_joint,-1.00991579200821,1.6199758425239008,0.08992280854382552,-0.6600803555623629,0.7799786828360055,-0.7800893276498188,0.08993187811868265,8.220341010019184e-05,-0.05496153212895151,0.054913678568764585,-0.054967969522625205,0.054961782075604426
1649767632542442209,202,1649767632541986227,,duarolower_joint1,duarolower_joint2,duarolower_joint3,duarolower_joint4,duaroupper_joint1,duaroupper_joint2,duaroupper_joint3,duaroupper_joint4,lower_gripper_finger_left_joint,lower_gripper_finger_right_joint,upper_gripper_finger_left_joint,upper_gripper_finger_right_joint,-1.00991579200821,1.6199758425239008,0.08992280854382552,-0.6600803555623629,0.7799786828360055,-0.7800893276498188,0.08993187811868265,8.220341010019184e-05,-0.05496153212895151,0.054913678568764585,-0.054967969522625205,0.054961782075604426
1649767632642617856,203,1649767632642034292,,duarolower_joint1,duarolower_joint2,duarolower_joint3,duarolower_joint4,duaroupper_joint1,duaroupper_joint2,duaroupper_joint3,duaroupper_joint4,lower_gripper_finger_left_joint,lower_gripper_finger_right_joint,upper_gripper_finger_left_joint,upper_gripper_finger_right_joint,-1.00991579200821,1.6199758425239008,0.08992280854382552,-0.6600803555623629,0.7799786828360055,-0.7800893276498188,0.08993187811868265,8.220341010019184e-05,-0.05496153212895151,0.054913678568764585,-0.054967969522625205,0.054961782075604426
1649767632742529225,204,1649767632741988658,,duarolower_joint1,duarolower_joint2,duarolower_joint3,duarolower_joint4,duaroupper_joint1,duaroupper_joint2,duaroupper_joint3,duaroupper_joint4,lower_gripper_finger_left_joint,lower_gripper_finger_right_joint,upper_gripper_finger_left_joint,upper_gripper_finger_right_joint,-1.00991579200821,1.6199758425239008,0.08992280854382552,-0.6600803555623629,0.7799786828360055,-0.7800893276498188,0.08993187811868265,8.220341010019184e-05,-0.05496153212895151,0.054913678568764585,-0.054967969522625205,0.054961782075604426
1649767632842692651,205,1649767632842028141,,duarolower_joint1,duarolower_joint2,duarolower_joint3,duarolower_joint4,duaroupper_joint1,duaroupper_joint2,duaroupper_joint3,duaroupper_joint4,lower_gripper_finger_left_joint,lower_gripper_finger_right_joint,upper_gripper_finger_left_joint,upper_gripper_finger_right_joint,-1.00991579200821,1.6199758425239008,0.08992280854382552,-0.6600803555623629,0.7799786828360055,-0.7800893276498188,0.08993187811868265,8.220341010019184e-05,-0.05496153212895151,0.054913678568764585,-0.054967969522625205,0.054961782075604426
1649767632942567632,206,1649767632942017316,,duarolower_joint1,duarolower_joint2,duarolower_joint3,duarolower_joint4,duaroupper_joint1,duaroupper_joint2,duaroupper_joint3,duaroupper_joint4,lower_gripper_finger_left_joint,lower_gripper_finger_right_joint,upper_gripper_finger_left_joint,upper_gripper_finger_right_joint,-1.00991579200821,1.6199758425239008,0.08992280854382552,-0.6600803555623629,0.7799786828360055,-0.7800893276498188,0.08993187811868265,8.220341010019184e-05,-0.05496153212895151,0.054913678568764585,-0.054967969522625205,0.054961782075604426
1649767633042547236,207,1649767633041977167,,duarolower_joint1,duarolower_joint2,duarolower_joint3,duarolower_joint4,duaroupper_joint1,duaroupper_joint2,duaroupper_joint3,duaroupper_joint4,lower_gripper_finger_left_joint,lower_gripper_finger_right_joint,upper_gripper_finger_left_joint,upper_gripper_finger_right_joint,-1.00991579200821,1.6199758425239008,0.08992280854382552,-0.6600803555623629,0.7799786828360055,-0.7800893276498188,0.08993187811868265,8.220341010019184e-05,-0.05496153212895151,0.054913678568764585,-0.054967969522625205,0.054961782075604426
1649767633142808439,208,1649767633142000436,,duarolower_joint1,duarolower_joint2,duarolower_joint3,duarolower_joint4,duaroupper_joint1,duaroupper_joint2,duaroupper_joint3,duaroupper_joint4,lower_gripper_finger_left_joint,lower_gripper_finger_right_joint,upper_gripper_finger_left_joint,upper_gripper_finger_right_joint,-1.00991579200821,1.6199758425239008,0.08992280854382552,-0.6600803555623629,0.7799786828360055,-0.7800893276498188,0.08993187811868265,8.220341010019184e-05,-0.05496153212895151,0.054913678568764585,-0.054967969522625205,0.054961782075604426
1649767633242916131,209,1649767633242054462,,duarolower_joint1,duarolower_joint2,duarolower_joint3,duarolower_joint4,duaroupper_joint1,duaroupper_joint2,duaroupper_joint3,duaroupper_joint4,lower_gripper_finger_left_joint,lower_gripper_finger_right_joint,upper_gripper_finger_left_joint,upper_gripper_finger_right_joint,-1.00991579200821,1.6199758425239008,0.08992280854382552,-0.6600803555623629,0.7799786828360055,-0.7800893276498188,0.08993187811868265,8.220341010019184e-05,-0.05496153212895151,0.054913678568764585,-0.054967969522625205,0.054961782075604426
1649767633342484161,210,1649767633342002868,,duarolower_joint1,duarolower_joint2,duarolower_joint3,duarolower_joint4,duaroupper_joint1,duaroupper_joint2,duaroupper_joint3,duaroupper_joint4,lower_gripper_finger_left_joint,lower_gripper_finger_right_joint,upper_gripper_finger_left_joint,upper_gripper_finger_right_joint,-1.00991579200821,1.6199758425239008,0.08992280854382552,-0.6600803555623629,0.7799786828360055,-0.7800893276498188,0.08993187811868265,8.220341010019184e-05,-0.05496153212895151,0.054913678568764585,-0.054967969522625205,0.054961782075604426
1649767633442733072,211,1649767633441994190,,duarolower_joint1,duarolower_joint2,duarolower_joint3,duarolower_joint4,duaroupper_joint1,duaroupper_joint2,duaroupper_joint3,duaroupper_joint4,lower_gripper_finger_left_joint,lower_gripper_finger_right_joint,upper_gripper_finger_left_joint,upper_gripper_finger_right_joint,-1.00991579200821,1.6199758425239008,0.08992280854382552,-0.6600803555623629,0.7799786828360055,-0.7800893276498188,0.08993187811868265,8.220341010019184e-05,-0.05496153212895151,0.054913678568764585,-0.054967969522625205,0.054961782075604426
1649767633542801025,212,1649767633542005538,,duarolower_joint1,duarolower_joint2,duarolower_joint3,duarolower_joint4,duaroupper_joint1,duaroupper_joint2,duaroupper_joint3,duaroupper_joint4,lower_gripper_finger_left_joint,lower_gripper_finger_right_joint,upper_gripper_finger_left_joint,upper_gripper_finger_right_joint,-1.00991579200821,1.6199758425239008,0.08992280854382552,-0.6600803555623629,0.7799786828360055,-0.7800893276498188,0.08993187811868265,8.220341010019184e-05,-0.05496153212895151,0.054913678568764585,-0.054967969522625205,0.054961782075604426
1649767633642678520,213,1649767633641985177,,duarolower_joint1,duarolower_joint2,duarolower_joint3,duarolower_joint4,duaroupper_joint1,duaroupper_joint2,duaroupper_joint3,duaroupper_joint4,lower_gripper_finger_left_joint,lower_gripper_finger_right_joint,upper_gripper_finger_left_joint,upper_gripper_finger_right_joint,-1.00991579200821,1.6199758425239008,0.08992280854382552,-0.6600803555623629,0.7799786828360055,-0.7800893276498188,0.08993187811868265,8.220341010019184e-05,-0.05496153212895151,0.054913678568764585,-0.054967969522625205,0.054961782075604426
1649767633742844460,214,1649767633742078542,,duarolower_joint1,duarolower_joint2,duarolower_joint3,duarolower_joint4,duaroupper_joint1,duaroupper_joint2,duaroupper_joint3,duaroupper_joint4,lower_gripper_finger_left_joint,lower_gripper_finger_right_joint,upper_gripper_finger_left_joint,upper_gripper_finger_right_joint,-1.00991579200821,1.6199758425239008,0.08992280854382552,-0.6600803555623629,0.7799786828360055,-0.7800893276498188,0.08993187811868265,8.220341010019184e-05,-0.05496153212895151,0.054913678568764585,-0.054967969522625205,0.054961782075604426
1649767633842582064,215,1649767633842033863,,duarolower_joint1,duarolower_joint2,duarolower_joint3,duarolower_joint4,duaroupper_joint1,duaroupper_joint2,duaroupper_joint3,duaroupper_joint4,lower_gripper_finger_left_joint,lower_gripper_finger_right_joint,upper_gripper_finger_left_joint,upper_gripper_finger_right_joint,-1.0099157898892406,1.6199758688065402,0.08990785798605323,-0.660080351388412,0.7799786782328251,-0.7800892992843558,0.08993190075768219,8.216065661090273e-05,-0.054961531961212895,0.05491368758568162,-0.05496796908723647,0.0549617847922062
1649767633942847807,216,1649767633941998004,,duarolower_joint1,duarolower_joint2,duarolower_joint3,duarolower_joint4,duaroupper_joint1,duaroupper_joint2,duaroupper_joint3,duaroupper_joint4,lower_gripper_finger_left_joint,lower_gripper_finger_right_joint,upper_gripper_finger_left_joint,upper_gripper_finger_right_joint,-1.0099133609607212,1.620005996023753,0.07277035921500102,-0.660075566879482,0.7799734017073827,-0.7800567845719375,0.08995785134979918,3.315326295309064e-05,-0.05496133968609364,0.054924023481296554,-0.05496747001061534,0.054964898773662875
1649767634042553144,217,1649767634042028903,,duarolower_joint1,duarolower_joint2,duarolower_joint3,duarolower_joint4,duaroupper_joint1,duaroupper_joint2,duaroupper_joint3,duaroupper_joint4,lower_gripper_finger_left_joint,lower_gripper_finger_right_joint,upper_gripper_finger_left_joint,upper_gripper_finger_right_joint,-1.0099109336273575,1.620036103455453,0.05564411519082221,-0.6600707855126928,0.7799681286472043,-0.7800242912129771,0.08998378489932733,-1.5821945972403596e-05,-0.05496114753724764,0.05493435258899626,-0.05496697126175388,0.054968010710067725
1649767634142624100,218,1649767634142010927,,duarolower_joint1,duarolower_joint2,duarolower_joint3,duarolower_joint4,duaroupper_joint1,duaroupper_joint2,duaroupper_joint3,duaroupper_joint4,lower_gripper_finger_left_joint,lower_gripper_finger_right_joint,upper_gripper_finger_left_joint,upper_gripper_finger_right_joint,-1.0099085064041884,1.6200662095203506,0.038518648655243605,-0.6600660043629658,0.7799628558264097,-0.7799917993291339,0.09000971727153725,-6.479493154603045e-05,-0.05496095539712471,0.05494468122778034,-0.054966472535534376,0.05497112250519846
1649767634242608103,219,1649767634242005348,,duarolower_joint1,duarolower_joint2,duarolower_joint3,duarolower_joint4,duaroupper_joint1,duaroupper_joint2,duaroupper_joint3,duaroupper_joint4,lower_gripper_finger_left_joint,lower_gripper_finger_right_joint,upper_gripper_finger_left_joint,upper_gripper_finger_right_joint,-1.0099073083950671,1.6200810690276326,0.030065999809978528,-0.6600636445218697,0.7799602533102967,-0.7799757622486913,0.09002251676144078,-8.896662048064172e-05,-0.05496086056216154,0.0549497791535221,-0.05496622637829278,0.054972658399795184
1649767634342948995,220,1649767634342052936,,duarolower_joint1,duarolower_joint2,duarolower_joint3,duarolower_joint4,duaroupper_joint1,duaroupper_joint2,duaroupper_joint3,duaroupper_joint4,lower_gripper_finger_left_joint,lower_gripper_finger_right_joint,upper_gripper_finger_left_joint,upper_gripper_finger_right_joint,-1.0099073083950671,1.6200810690276326,0.030065999809978528,-0.6600636445218697,0.7799602533102967,-0.7799757622486913,0.09002251676144078,-8.896662048064172e-05,-0.05496086056216154,0.0549497791535221,-0.05496622637829278,0.054972658399795184
1649767634442697564,221,1649767634442005872,,duarolower_joint1,duarolower_joint2,duarolower_joint3,duarolower_joint4,duaroupper_joint1,duaroupper_joint2,duaroupper_joint3,duaroupper_joint4,lower_gripper_finger_left_joint,lower_gripper_finger_right_joint,upper_gripper_finger_left_joint,upper_gripper_finger_right_joint,-1.0099073083950671,1.6200810690276326,0.030065999809978528,-0.6600636445218697,0.7799602533102967,-0.7799757622486913,0.09002251676144078,-8.896662048064172e-05,-0.05496086056216154,0.0549497791535221,-0.05496622637829278,0.054972658399795184
1649767634543014570,222,1649767634542125940,,duarolower_joint1,duarolower_joint2,duarolower_joint3,duarolower_joint4,duaroupper_joint1,duaroupper_joint2,duaroupper_joint3,duaroupper_joint4,lower_gripper_finger_left_joint,lower_gripper_finger_right_joint,upper_gripper_finger_left_joint,upper_gripper_finger_right_joint,-1.0099073083950671,1.6200810690276326,0.030065999809978528,-0.6600636445218697,0.7799602533102967,-0.7799757622486913,0.09002251676144078,-8.896662048064172e-05,-0.05496086056216154,0.0549497791535221,-0.05496622637829278,0.054972658399795184
1649767634642886968,223,1649767634642042636,,duarolower_joint1,duarolower_joint2,duarolower_joint3,duarolower_joint4,duaroupper_joint1,duaroupper_joint2,duaroupper_joint3,duaroupper_joint4,lower_gripper_finger_left_joint,lower_gripper_finger_right_joint,upper_gripper_finger_left_joint,upper_gripper_finger_right_joint,-1.0099073083950671,1.6200810690276326,0.030065999809978528,-0.6600636445218697,0.7799602533102967,-0.7799757622486913,0.09002251676144078,-8.896662048064172e-05,-0.05496086056216154,0.0549497791535221,-0.05496622637829278,0.054972658399795184
1649767634742656978,224,1649767634742085933,,duarolower_joint1,duarolower_joint2,duarolower_joint3,duarolower_joint4,duaroupper_joint1,duaroupper_joint2,duaroupper_joint3,duaroupper_joint4,lower_gripper_finger_left_joint,lower_gripper_finger_right_joint,upper_gripper_finger_left_joint,upper_gripper_finger_right_joint,-1.0099073083950671,1.6200810690276326,0.030065999809978528,-0.6600636445218697,0.7799602533102967,-0.7799757622486913,0.09002251676144078,-8.896662048064172e-05,-0.05496086056216154,0.0549497791535221,-0.05496622637829278,0.054972658399795184
1649767634842598099,225,1649767634842001199,,duarolower_joint1,duarolower_joint2,duarolower_joint3,duarolower_joint4,duaroupper_joint1,duaroupper_joint2,duaroupper_joint3,duaroupper_joint4,lower_gripper_finger_left_joint,lower_gripper_finger_right_joint,upper_gripper_finger_left_joint,upper_gripper_finger_right_joint,-1.0099073083950671,1.6200810690276326,0.030065999809978528,-0.6600636445218697,0.7799602533102967,-0.7799757622486913,0.09002251676144078,-8.896662048064172e-05,-0.05496086056216154,0.0549497791535221,-0.05496622637829278,0.054972658399795184
1649767634942602496,226,1649767634942009687,,duarolower_joint1,duarolower_joint2,duarolower_joint3,duarolower_joint4,duaroupper_joint1,duaroupper_joint2,duaroupper_joint3,duaroupper_joint4,lower_gripper_finger_left_joint,lower_gripper_finger_right_joint,upper_gripper_finger_left_joint,upper_gripper_finger_right_joint,-1.0099073083950671,1.6200810690276326,0.030065999809978528,-0.6600636445218697,0.7799602533102967,-0.7799757622486913,0.09002251676144078,-8.896662048064172e-05,-0.05496086056216154,0.0549497791535221,-0.05496622637829278,0.054972658399795184
1649767635042613877,227,1649767635042015790,,duarolower_joint1,duarolower_joint2,duarolower_joint3,duarolower_joint4,duaroupper_joint1,duaroupper_joint2,duaroupper_joint3,duaroupper_joint4,lower_gripper_finger_left_joint,lower_gripper_finger_right_joint,upper_gripper_finger_left_joint,upper_gripper_finger_right_joint,-1.0099073083950671,1.6200810690276326,0.030065999809978528,-0.6600636445218697,0.7799602533102967,-0.7799757622486913,0.09002251676144078,-8.896662048064172e-05,-0.05496086056216154,0.0549497791535221,-0.05496622637829278,0.054972658399795184
1649767635142700966,228,1649767635142049551,,duarolower_joint1,duarolower_joint2,duarolower_joint3,duarolower_joint4,duaroupper_joint1,duaroupper_joint2,duaroupper_joint3,duaroupper_joint4,lower_gripper_finger_left_joint,lower_gripper_finger_right_joint,upper_gripper_finger_left_joint,upper_gripper_finger_right_joint,-1.0099073083950671,1.6200810690276326,0.030065999809978528,-0.6600636445218697,0.7799602533102967,-0.7799757622486913,0.09002251676144078,-8.896662048064172e-05,-0.05496086056216154,0.0549497791535221,-0.05496622637829278,0.054972658399795184
1649767635242955046,229,1649767635242041587,,duarolower_joint1,duarolower_joint2,duarolower_joint3,duarolower_joint4,duaroupper_joint1,duaroupper_joint2,duaroupper_joint3,duaroupper_joint4,lower_gripper_finger_left_joint,lower_gripper_finger_right_joint,upper_gripper_finger_left_joint,upper_gripper_finger_right_joint,-1.0099073083950671,1.6200810690276326,0.030065999809978528,-0.6600636445218697,0.7799602533102967,-0.7799757622486913,0.09002251676144078,-8.896662048064172e-05,-0.05496086056216154,0.0549497791535221,-0.05496622637829278,0.054972658399795184
1649767635342792592,230,1649767635342051982,,duarolower_joint1,duarolower_joint2,duarolower_joint3,duarolower_joint4,duaroupper_joint1,duaroupper_joint2,duaroupper_joint3,duaroupper_joint4,lower_gripper_finger_left_joint,lower_gripper_finger_right_joint,upper_gripper_finger_left_joint,upper_gripper_finger_right_joint,-1.0099073083950671,1.6200810690276326,0.030065999809978528,-0.6600636445218697,0.7799602533102967,-0.7799757622486913,0.09002251676144078,-8.896662048064172e-05,-0.05496086056216154,0.0549497791535221,-0.05496622637829278,0.054972658399795184
1649767635442823180,231,1649767635442117452,,duarolower_joint1,duarolower_joint2,duarolower_joint3,duarolower_joint4,duaroupper_joint1,duaroupper_joint2,duaroupper_joint3,duaroupper_joint4,lower_gripper_finger_left_joint,lower_gripper_finger_right_joint,upper_gripper_finger_left_joint,upper_gripper_finger_right_joint,-1.0099073083950671,1.6200810690276326,0.030065999809978528,-0.6600636445218697,0.7799602533102967,-0.7799757622486913,0.09002251676144078,-8.896662048064172e-05,-0.05496086056216154,0.0549497791535221,-0.05496622637829278,0.054972658399795184
1649767635542756199,232,1649767635542088985,,duarolower_joint1,duarolower_joint2,duarolower_joint3,duarolower_joint4,duaroupper_joint1,duaroupper_joint2,duaroupper_joint3,duaroupper_joint4,lower_gripper_finger_left_joint,lower_gripper_finger_right_joint,upper_gripper_finger_left_joint,upper_gripper_finger_right_joint,-1.0099073083950671,1.6200810690276326,0.030065999809978528,-0.6600636445218697,0.7799602533102967,-0.7799757622486913,0.09002251676144078,-8.896662048064172e-05,-0.05496086056216154,0.0549497791535221,-0.05496622637829278,0.054972658399795184
1649767635642533193,233,1649767635642010450,,duarolower_joint1,duarolower_joint2,duarolower_joint3,duarolower_joint4,duaroupper_joint1,duaroupper_joint2,duaroupper_joint3,duaroupper_joint4,lower_gripper_finger_left_joint,lower_gripper_finger_right_joint,upper_gripper_finger_left_joint,upper_gripper_finger_right_joint,-1.0099073083950671,1.6200810690276326,0.030065999809978528,-0.6600636445218697,0.7799602533102967,-0.7799757622486913,0.09002251676144078,-8.896662048064172e-05,-0.05496086056216154,0.0549497791535221,-0.05496622637829278,0.054972658399795184
1649767635742627546,234,1649767635742008686,,duarolower_joint1,duarolower_joint2,duarolower_joint3,duarolower_joint4,duaroupper_joint1,duaroupper_joint2,duaroupper_joint3,duaroupper_joint4,lower_gripper_finger_left_joint,lower_gripper_finger_right_joint,upper_gripper_finger_left_joint,upper_gripper_finger_right_joint,-1.0099073418228326,1.6200809906547073,0.03006601191042947,-0.6600635790464471,0.7799603027131009,-0.779975773608367,0.09002246848860555,-8.890493223439274e-05,-0.05495007151748678,0.054932496396066316,-0.0549662008231913,0.05497265855560487
1649767635842596045,235,1649767635842030525,,duarolower_joint1,duarolower_joint2,duarolower_joint3,duarolower_joint4,duaroupper_joint1,duaroupper_joint2,duaroupper_joint3,duaroupper_joint4,lower_gripper_finger_left_joint,lower_gripper_finger_right_joint,upper_gripper_finger_left_joint,upper_gripper_finger_right_joint,-1.0099341172106784,1.620018214533098,0.030075704280308757,-0.6600111337270533,0.779999873986436,-0.7799848726228809,0.08998380231191118,-3.949311256621331e-05,-0.04630812816073519,0.041089138111452914,-0.054945731379778005,0.054972783357983654
1649767635942600302,236,1649767635942029237,,duarolower_joint1,duarolower_joint2,duarolower_joint3,duarolower_joint4,duaroupper_joint1,duaroupper_joint2,duaroupper_joint3,duaroupper_joint4,lower_gripper_finger_left_joint,lower_gripper_finger_right_joint,upper_gripper_finger_left_joint,upper_gripper_finger_right_joint,-1.0099608683826167,1.619955495186791,0.030085387884319456,-0.6599587358396894,0.780039409471147,-0.7799939634081622,0.08994517110526314,9.874018597164194e-06,-0.037674000657149695,0.027258299887572578,-0.054925280449117854,0.05497290804749003
1649767636042443925,237,1649767636041995048,,duarolower_joint1,duarolower_joint2,duarolower_joint3,duarolower_joint4,duaroupper_joint1,duaroupper_joint2,duaroupper_joint3,duaroupper_joint4,lower_gripper_finger_left_joint,lower_gripper_finger_right_joint,upper_gripper_finger_left_joint,upper_gripper_finger_right_joint,-1.0099844578496646,1.6199001886022277,0.03009392698900774,-0.6599125308270567,0.7800742722807452,-0.7800019797590095,0.0899111056976486,5.3406478278338914e-05,-0.03006033548004925,0.01506212009852752,-0.054907246601628136,0.05497301800001878
1649767636142723706,238,1649767636142054319,,duarolower_joint1,duarolower_joint2,duarolower_joint3,duarolower_joint4,duaroupper_joint1,duaroupper_joint2,duaroupper_joint3,duaroupper_joint4,lower_gripper_finger_left_joint,lower_gripper_finger_right_joint,upper_gripper_finger_left_joint,upper_gripper_finger_right_joint,-1.0099844578496646,1.6199001886022277,0.03009392698900774,-0.6599125308270567,0.7800742722807452,-0.7800019797590095,0.0899111056976486,5.3406478278338914e-05,-0.03006033548004925,0.01506212009852752,-0.054907246601628136,0.05497301800001878
1649767636242674185,239,1649767636242018222,,duarolower_joint1,duarolower_joint2,duarolower_joint3,duarolower_joint4,duaroupper_joint1,duaroupper_joint2,duaroupper_joint3,duaroupper_joint4,lower_gripper_finger_left_joint,lower_gripper_finger_right_joint,upper_gripper_finger_left_joint,upper_gripper_finger_right_joint,-1.0099844578496646,1.6199001886022277,0.03009392698900774,-0.6599125308270567,0.7800742722807452,-0.7800019797590095,0.0899111056976486,5.3406478278338914e-05,-0.03006033548004925,0.01506212009852752,-0.054907246601628136,0.05497301800001878
1649767636342844315,240,1649767636342093229,,duarolower_joint1,duarolower_joint2,duarolower_joint3,duarolower_joint4,duaroupper_joint1,duaroupper_joint2,duaroupper_joint3,duaroupper_joint4,lower_gripper_finger_left_joint,lower_gripper_finger_right_joint,upper_gripper_finger_left_joint,upper_gripper_finger_right_joint,-1.0099844578496646,1.6199001886022277,0.03009392698900774,-0.6599125308270567,0.7800742722807452,-0.7800019797590095,0.0899111056976486,5.3406478278338914e-05,-0.03006033548004925,0.01506212009852752,-0.054907246601628136,0.05497301800001878
1649767636442613767,241,1649767636442020416,,duarolower_joint1,duarolower_joint2,duarolower_joint3,duarolower_joint4,duaroupper_joint1,duaroupper_joint2,duaroupper_joint3,duaroupper_joint4,lower_gripper_finger_left_joint,lower_gripper_finger_right_joint,upper_gripper_finger_left_joint,upper_gripper_finger_right_joint,-1.0099844578496646,1.6199001886022277,0.03009392698900774,-0.6599125308270567,0.7800742722807452,-0.7800019797590095,0.0899111056976486,5.3406478278338914e-05,-0.03006033548004925,0.01506212009852752,-0.054907246601628136,0.05497301800001878
1649767636542602589,242,1649767636541948318,,duarolower_joint1,duarolower_joint2,duarolower_joint3,duarolower_joint4,duaroupper_joint1,duaroupper_joint2,duaroupper_joint3,duaroupper_joint4,lower_gripper_finger_left_joint,lower_gripper_finger_right_joint,upper_gripper_finger_left_joint,upper_gripper_finger_right_joint,-1.0099844578496646,1.6199001886022277,0.03009392698900774,-0.6599125308270567,0.7800742722807452,-0.7800019797590095,0.0899111056976486,5.3406478278338914e-05,-0.03006033548004925,0.01506212009852752,-0.054907246601628136,0.05497301800001878
1649767636642577583,243,1649767636641997814,,duarolower_joint1,duarolower_joint2,duarolower_joint3,duarolower_joint4,duaroupper_joint1,duaroupper_joint2,duaroupper_joint3,duaroupper_joint4,lower_gripper_finger_left_joint,lower_gripper_finger_right_joint,upper_gripper_finger_left_joint,upper_gripper_finger_right_joint,-1.0099844578496646,1.6199001886022277,0.03009392698900774,-0.6599125308270567,0.7800742722807452,-0.7800019797590095,0.0899111056976486,5.3406478278338914e-05,-0.03006033548004925,0.01506212009852752,-0.054907246601628136,0.05497301800001878
1649767636742441110,244,1649767636742008209,,duarolower_joint1,duarolower_joint2,duarolower_joint3,duarolower_joint4,duaroupper_joint1,duaroupper_joint2,duaroupper_joint3,duaroupper_joint4,lower_gripper_finger_left_joint,lower_gripper_finger_right_joint,upper_gripper_finger_left_joint,upper_gripper_finger_right_joint,-1.0099844578496646,1.6199001886022277,0.03009392698900774,-0.6599125308270567,0.7800742722807452,-0.7800019797590095,0.0899111056976486,5.3406478278338914e-05,-0.03006033548004925,0.01506212009852752,-0.054907246601628136,0.05497301800001878
1649767636842666136,245,1649767636841937303,,duarolower_joint1,duarolower_joint2,duarolower_joint3,duarolower_joint4,duaroupper_joint1,duaroupper_joint2,duaroupper_joint3,duaroupper_joint4,lower_gripper_finger_left_joint,lower_gripper_finger_right_joint,upper_gripper_finger_left_joint,upper_gripper_finger_right_joint,-1.0099844578496646,1.6199001886022277,0.03009392698900774,-0.6599125308270567,0.7800742722807452,-0.7800019797590095,0.0899111056976486,5.3406478278338914e-05,-0.03006033548004925,0.01506212009852752,-0.054907246601628136,0.05497301800001878
1649767636942690926,246,1649767636942078828,,duarolower_joint1,duarolower_joint2,duarolower_joint3,duarolower_joint4,duaroupper_joint1,duaroupper_joint2,duaroupper_joint3,duaroupper_joint4,lower_gripper_finger_left_joint,lower_gripper_finger_right_joint,upper_gripper_finger_left_joint,upper_gripper_finger_right_joint,-1.0099844578496646,1.6199001886022277,0.03009392698900774,-0.6599125308270567,0.7800742722807452,-0.7800019797590095,0.0899111056976486,5.3406478278338914e-05,-0.03006033548004925,0.01506212009852752,-0.054907246601628136,0.05497301800001878
1649767637042677165,247,1649767637042046785,,duarolower_joint1,duarolower_joint2,duarolower_joint3,duarolower_joint4,duaroupper_joint1,duaroupper_joint2,duaroupper_joint3,duaroupper_joint4,lower_gripper_finger_left_joint,lower_gripper_finger_right_joint,upper_gripper_finger_left_joint,upper_gripper_finger_right_joint,-1.0099844578496646,1.6199001886022277,0.03009392698900774,-0.6599125308270567,0.7800742722807452,-0.7800019797590095,0.0899111056976486,5.3406478278338914e-05,-0.03006033548004925,0.01506212009852752,-0.054907246601628136,0.05497301800001878
1649767637143090412,248,1649767637142122507,,duarolower_joint1,duarolower_joint2,duarolower_joint3,duarolower_joint4,duaroupper_joint1,duaroupper_joint2,duaroupper_joint3,duaroupper_joint4,lower_gripper_finger_left_joint,lower_gripper_finger_right_joint,upper_gripper_finger_left_joint,upper_gripper_finger_right_joint,-1.0099844578496646,1.6199001886022277,0.03009392698900774,-0.6599125308270567,0.7800742722807452,-0.7800019797590095,0.0899111056976486,5.3406478278338914e-05,-0.03006033548004925,0.01506212009852752,-0.054907246601628136,0.05497301800001878
1649767637242362385,249,1649767637241989135,,duarolower_joint1,duarolower_joint2,duarolower_joint3,duarolower_joint4,duaroupper_joint1,duaroupper_joint2,duaroupper_joint3,duaroupper_joint4,lower_gripper_finger_left_joint,lower_gripper_finger_right_joint,upper_gripper_finger_left_joint,upper_gripper_finger_right_joint,-1.0099844578496646,1.6199001886022277,0.03009392698900774,-0.6599125308270567,0.7800742722807452,-0.7800019797590095,0.0899111056976486,5.3406478278338914e-05,-0.03006033548004925,0.01506212009852752,-0.054907246601628136,0.05497301800001878
1649767637342425797,250,1649767637341947317,,duarolower_joint1,duarolower_joint2,duarolower_joint3,duarolower_joint4,duaroupper_joint1,duaroupper_joint2,duaroupper_joint3,duaroupper_joint4,lower_gripper_finger_left_joint,lower_gripper_finger_right_joint,upper_gripper_finger_left_joint,upper_gripper_finger_right_joint,-1.0099844578496646,1.6199001886022277,0.03009392698900774,-0.6599125308270567,0.7800742722807452,-0.7800019797590095,0.0899111056976486,5.3406478278338914e-05,-0.03006033548004925,0.01506212009852752,-0.054907246601628136,0.05497301800001878
1649767637442503877,251,1649767637442022800,,duarolower_joint1,duarolower_joint2,duarolower_joint3,duarolower_joint4,duaroupper_joint1,duaroupper_joint2,duaroupper_joint3,duaroupper_joint4,lower_gripper_finger_left_joint,lower_gripper_finger_right_joint,upper_gripper_finger_left_joint,upper_gripper_finger_right_joint,-1.0099844578496646,1.6199001886022277,0.03009392698900774,-0.6599125308270567,0.7800742722807452,-0.7800019797590095,0.0899111056976486,5.3406478278338914e-05,-0.03006033548004925,0.01506212009852752,-0.054907246601628136,0.05497301800001878
1649767637542379487,252,1649767637541969299,,duarolower_joint1,duarolower_joint2,duarolower_joint3,duarolower_joint4,duaroupper_joint1,duaroupper_joint2,duaroupper_joint3,duaroupper_joint4,lower_gripper_finger_left_joint,lower_gripper_finger_right_joint,upper_gripper_finger_left_joint,upper_gripper_finger_right_joint,-1.0099844578496646,1.6199001886022277,0.03009392698900774,-0.6599125308270567,0.7800742722807452,-0.7800019797590095,0.0899111056976486,5.3406478278338914e-05,-0.03006033548004925,0.01506212009852752,-0.054907246601628136,0.05497301800001878
1649767637642559185,253,1649767637642102718,,duarolower_joint1,duarolower_joint2,duarolower_joint3,duarolower_joint4,duaroupper_joint1,duaroupper_joint2,duaroupper_joint3,duaroupper_joint4,lower_gripper_finger_left_joint,lower_gripper_finger_right_joint,upper_gripper_finger_left_joint,upper_gripper_finger_right_joint,-1.0099844639888047,1.619900192243895,0.030099046205377723,-0.6599125402396552,0.7800742664283424,-0.7800019729286655,0.08991111429084844,5.341040568465043e-05,-0.030060323837383225,0.015062121535094978,-0.0549072474051548,0.05497301299590009
1649767637742445131,254,1649767637741994857,,duarolower_joint1,duarolower_joint2,duarolower_joint3,duarolower_joint4,duaroupper_joint1,duaroupper_joint2,duaroupper_joint3,duaroupper_joint4,lower_gripper_finger_left_joint,lower_gripper_finger_right_joint,upper_gripper_finger_left_joint,upper_gripper_finger_right_joint,-1.010005017014899,1.6199123840623633,0.047237502892761574,-0.6599440523694482,0.7800546733608786,-0.7799791058438097,0.08993988318295204,6.655884054245039e-05,-0.03002134573742084,0.01506693097220073,-0.05490993750572267,0.05495625987096979
1649767637842681541,255,1649767637842020034,,duarolower_joint1,duarolower_joint2,duarolower_joint3,duarolower_joint4,duaroupper_joint1,duaroupper_joint2,duaroupper_joint3,duaroupper_joint4,lower_gripper_finger_left_joint,lower_gripper_finger_right_joint,upper_gripper_finger_left_joint,upper_gripper_finger_right_joint,-1.010025555123614,1.6199245670320137,0.06436352049404154,-0.659975541627748,0.7800350945140567,-0.7799562553558764,0.08996863119460341,7.969773227064944e-05,-0.029982395927750313,0.015071736918618647,-0.05491262565381646,0.05493951890545193
1649767637942779595,256,1649767637942059755,,duarolower_joint1,duarolower_joint2,duarolower_joint3,duarolower_joint4,duaroupper_joint1,duaroupper_joint2,duaroupper_joint3,duaroupper_joint4,lower_gripper_finger_left_joint,lower_gripper_finger_right_joint,upper_gripper_finger_left_joint,upper_gripper_finger_right_joint,-1.0100460922282388,1.6199367494060495,0.0814887008195008,-0.6600070293465659,0.7800155166244273,-0.7799334059850833,0.08999737780078997,9.283598165007766e-05,-0.029943448022301453,0.015076542630078104,-0.05491531367048907,0.054922778758385034
1649767638042693617,257,1649767638042083978,,duarolower_joint1,duarolower_joint2,duarolower_joint3,duarolower_joint4,duaroupper_joint1,duaroupper_joint2,duaroupper_joint3,duaroupper_joint4,lower_gripper_finger_left_joint,lower_gripper_finger_right_joint,upper_gripper_finger_left_joint,upper_gripper_finger_right_joint,-1.010056244171597,1.6199427714219783,0.08995405481364578,-0.6600225944198203,0.7800058388421778,-0.7799221110376064,0.0900115878816694,9.93305078241974e-05,-0.029924195214407517,0.015078918199148028,-0.05491664241636172,0.054914503734814935
1649767638142729094,258,1649767638142070770,,duarolower_joint1,duarolower_joint2,duarolower_joint3,duarolower_joint4,duaroupper_joint1,duaroupper_joint2,duaroupper_joint3,duaroupper_joint4,lower_gripper_finger_left_joint,lower_gripper_finger_right_joint,upper_gripper_finger_left_joint,upper_gripper_finger_right_joint,-1.010056244171597,1.6199427714219783,0.08995405481364578,-0.6600225944198203,0.7800058388421778,-0.7799221110376064,0.0900115878816694,9.93305078241974e-05,-0.029924195214407517,0.015078918199148028,-0.05491664241636172,0.054914503734814935
1649767638242564335,259,1649767638241987943,,duarolower_joint1,duarolower_joint2,duarolower_joint3,duarolower_joint4,duaroupper_joint1,duaroupper_joint2,duaroupper_joint3,duaroupper_joint4,lower_gripper_finger_left_joint,lower_gripper_finger_right_joint,upper_gripper_finger_left_joint,upper_gripper_finger_right_joint,-1.010056244171597,1.6199427714219783,0.08995405481364578,-0.6600225944198203,0.7800058388421778,-0.7799221110376064,0.0900115878816694,9.93305078241974e-05,-0.029924195214407517,0.015078918199148028,-0.05491664241636172,0.054914503734814935
1649767638342441831,260,1649767638341998100,,duarolower_joint1,duarolower_joint2,duarolower_joint3,duarolower_joint4,duaroupper_joint1,duaroupper_joint2,duaroupper_joint3,duaroupper_joint4,lower_gripper_finger_left_joint,lower_gripper_finger_right_joint,upper_gripper_finger_left_joint,upper_gripper_finger_right_joint,-1.010056244171597,1.6199427714219783,0.08995405481364578,-0.6600225944198203,0.7800058388421778,-0.7799221110376064,0.0900115878816694,9.93305078241974e-05,-0.029924195214407517,0.015078918199148028,-0.05491664241636172,0.054914503734814935
1649767638442734951,261,1649767638441996812,,duarolower_joint1,duarolower_joint2,duarolower_joint3,duarolower_joint4,duaroupper_joint1,duaroupper_joint2,duaroupper_joint3,duaroupper_joint4,lower_gripper_finger_left_joint,lower_gripper_finger_right_joint,upper_gripper_finger_left_joint,upper_gripper_finger_right_joint,-1.010056244171597,1.6199427714219783,0.08995405481364578,-0.6600225944198203,0.7800058388421778,-0.7799221110376064,0.0900115878816694,9.93305078241974e-05,-0.029924195214407517,0.015078918199148028,-0.05491664241636172,0.054914503734814935
1649767638542851583,262,1649767638542147159,,duarolower_joint1,duarolower_joint2,duarolower_joint3,duarolower_joint4,duaroupper_joint1,duaroupper_joint2,duaroupper_joint3,duaroupper_joint4,lower_gripper_finger_left_joint,lower_gripper_finger_right_joint,upper_gripper_finger_left_joint,upper_gripper_finger_right_joint,-1.010056244171597,1.6199427714219783,0.08995405481364578,-0.6600225944198203,0.7800058388421778,-0.7799221110376064,0.0900115878816694,9.93305078241974e-05,-0.029924195214407517,0.015078918199148028,-0.05491664241636172,0.054914503734814935
1649767638642606088,263,1649767638642037391,,duarolower_joint1,duarolower_joint2,duarolower_joint3,duarolower_joint4,duaroupper_joint1,duaroupper_joint2,duaroupper_joint3,duaroupper_joint4,lower_gripper_finger_left_joint,lower_gripper_finger_right_joint,upper_gripper_finger_left_joint,upper_gripper_finger_right_joint,-1.010056244171597,1.6199427714219783,0.08995405481364578,-0.6600225944198203,0.7800058388421778,-0.7799221110376064,0.0900115878816694,9.93305078241974e-05,-0.029924195214407517,0.015078918199148028,-0.05491664241636172,0.054914503734814935
1649767638743106288,264,1649767638742120981,,duarolower_joint1,duarolower_joint2,duarolower_joint3,duarolower_joint4,duaroupper_joint1,duaroupper_joint2,duaroupper_joint3,duaroupper_joint4,lower_gripper_finger_left_joint,lower_gripper_finger_right_joint,upper_gripper_finger_left_joint,upper_gripper_finger_right_joint,-1.010056244171597,1.6199427714219783,0.08995405481364578,-0.6600225944198203,0.7800058388421778,-0.7799221110376064,0.0900115878816694,9.93305078241974e-05,-0.029924195214407517,0.015078918199148028,-0.05491664241636172,0.054914503734814935
1649767638842745136,265,1649767638842152118,,duarolower_joint1,duarolower_joint2,duarolower_joint3,duarolower_joint4,duaroupper_joint1,duaroupper_joint2,duaroupper_joint3,duaroupper_joint4,lower_gripper_finger_left_joint,lower_gripper_finger_right_joint,upper_gripper_finger_left_joint,upper_gripper_finger_right_joint,-1.010056244171597,1.6199427714219783,0.08995405481364578,-0.6600225944198203,0.7800058388421778,-0.7799221110376064,0.0900115878816694,9.93305078241974e-05,-0.029924195214407517,0.015078918199148028,-0.05491664241636172,0.054914503734814935
1649767638942706650,266,1649767638942002773,,duarolower_joint1,duarolower_joint2,duarolower_joint3,duarolower_joint4,duaroupper_joint1,duaroupper_joint2,duaroupper_joint3,duaroupper_joint4,lower_gripper_finger_left_joint,lower_gripper_finger_right_joint,upper_gripper_finger_left_joint,upper_gripper_finger_right_joint,-1.010056244171597,1.6199427714219783,0.08995405481364578,-0.6600225944198203,0.7800058388421778,-0.7799221110376064,0.0900115878816694,9.93305078241974e-05,-0.029924195214407517,0.015078918199148028,-0.05491664241636172,0.054914503734814935
1649767639042855898,267,1649767639042172431,,duarolower_joint1,duarolower_joint2,duarolower_joint3,duarolower_joint4,duaroupper_joint1,duaroupper_joint2,duaroupper_joint3,duaroupper_joint4,lower_gripper_finger_left_joint,lower_gripper_finger_right_joint,upper_gripper_finger_left_joint,upper_gripper_finger_right_joint,-1.010056244171597,1.6199427714219783,0.08995405481364578,-0.6600225944198203,0.7800058388421778,-0.7799221110376064,0.0900115878816694,9.93305078241974e-05,-0.029924195214407517,0.015078918199148028,-0.05491664241636172,0.054914503734814935
1649767639142662644,268,1649767639142006158,,duarolower_joint1,duarolower_joint2,duarolower_joint3,duarolower_joint4,duaroupper_joint1,duaroupper_joint2,duaroupper_joint3,duaroupper_joint4,lower_gripper_finger_left_joint,lower_gripper_finger_right_joint,upper_gripper_finger_left_joint,upper_gripper_finger_right_joint,-1.010056244171597,1.6199427714219783,0.08995405481364578,-0.6600225944198203,0.7800058388421778,-0.7799221110376064,0.0900115878816694,9.93305078241974e-05,-0.029924195214407517,0.015078918199148028,-0.05491664241636172,0.054914503734814935
1649767639242515346,269,1649767639242017507,,duarolower_joint1,duarolower_joint2,duarolower_joint3,duarolower_joint4,duaroupper_joint1,duaroupper_joint2,duaroupper_joint3,duaroupper_joint4,lower_gripper_finger_left_joint,lower_gripper_finger_right_joint,upper_gripper_finger_left_joint,upper_gripper_finger_right_joint,-1.010056244171597,1.6199427714219783,0.08995405481364578,-0.6600225944198203,0.7800058388421778,-0.7799221110376064,0.0900115878816694,9.93305078241974e-05,-0.029924195214407517,0.015078918199148028,-0.05491664241636172,0.054914503734814935
1649767639342541603,270,1649767639342014312,,duarolower_joint1,duarolower_joint2,duarolower_joint3,duarolower_joint4,duaroupper_joint1,duaroupper_joint2,duaroupper_joint3,duaroupper_joint4,lower_gripper_finger_left_joint,lower_gripper_finger_right_joint,upper_gripper_finger_left_joint,upper_gripper_finger_right_joint,-1.010056244171597,1.6199427714219783,0.08995405481364578,-0.6600225944198203,0.7800058388421778,-0.7799221110376064,0.0900115878816694,9.93305078241974e-05,-0.029924195214407517,0.015078918199148028,-0.05491664241636172,0.054914503734814935
1649767639442581410,271,1649767639442024469,,duarolower_joint1,duarolower_joint2,duarolower_joint3,duarolower_joint4,duaroupper_joint1,duaroupper_joint2,duaroupper_joint3,duaroupper_joint4,lower_gripper_finger_left_joint,lower_gripper_finger_right_joint,upper_gripper_finger_left_joint,upper_gripper_finger_right_joint,-1.010056244171597,1.6199427714219783,0.08995405481364578,-0.6600225944198203,0.7800058388421778,-0.7799221110376064,0.0900115878816694,9.93305078241974e-05,-0.029924195214407517,0.015078918199148028,-0.05491664241636172,0.054914503734814935
1649767639542807064,272,1649767639542083740,,duarolower_joint1,duarolower_joint2,duarolower_joint3,duarolower_joint4,duaroupper_joint1,duaroupper_joint2,duaroupper_joint3,duaroupper_joint4,lower_gripper_finger_left_joint,lower_gripper_finger_right_joint,upper_gripper_finger_left_joint,upper_gripper_finger_right_joint,-1.010056244171597,1.6199427714219783,0.08995405481364578,-0.6600225944198203,0.7800058388421778,-0.7799221110376064,0.0900115878816694,9.93305078241974e-05,-0.029924195214407517,0.015078918199148028,-0.05491664241636172,0.054914503734814935
1649767639642638184,273,1649767639642060518,,duarolower_joint1,duarolower_joint2,duarolower_joint3,duarolower_joint4,duaroupper_joint1,duaroupper_joint2,duaroupper_joint3,duaroupper_joint4,lower_gripper_finger_left_joint,lower_gripper_finger_right_joint,upper_gripper_finger_left_joint,upper_gripper_finger_right_joint,-1.0100545174053055,1.6199364651369965,0.08995405580180886,-0.6600176400206605,0.7800058389707554,-0.779922111059234,0.09001158824123459,9.933033758807453e-05,-0.02992419582604223,0.0150789173704727,-0.05491664236872684,0.05491450405189108
1649767639742640346,274,1649767639742089509,,duarolower_joint1,duarolower_joint2,duarolower_joint3,duarolower_joint4,duaroupper_joint1,duaroupper_joint2,duaroupper_joint3,duaroupper_joint4,lower_gripper_finger_left_joint,lower_gripper_finger_right_joint,upper_gripper_finger_left_joint,upper_gripper_finger_right_joint,-1.0033678873004768,1.5955163712211708,0.08995788230749306,-0.6408325107209637,0.7800063368670923,-0.7799221948088373,0.09001298060074002,9.867112505322093e-05,-0.029926564284987283,0.015075708455968262,-0.05491645791017898,0.05491573187925423
1649767639842934654,275,1649767639842293024,,duarolower_joint1,duarolower_joint2,duarolower_joint3,duarolower_joint4,duaroupper_joint1,duaroupper_joint2,duaroupper_joint3,duaroupper_joint4,lower_gripper_finger_left_joint,lower_gripper_finger_right_joint,upper_gripper_finger_left_joint,upper_gripper_finger_right_joint,-0.9966857138991284,1.5711125535335562,0.0899617062627743,-0.6216601684950519,0.7800068344315765,-0.7799222785026205,0.0900143720322244,9.801235188988218e-05,-0.029928931165331598,0.015072501680236302,-0.05491627357457452,0.054916958888258594
1649767639942441782,276,1649767639942020654,,duarolower_joint1,duarolower_joint2,duarolower_joint3,duarolower_joint4,duaroupper_joint1,duaroupper_joint2,duaroupper_joint3,duaroupper_joint4,lower_gripper_finger_left_joint,lower_gripper_finger_right_joint,upper_gripper_finger_left_joint,upper_gripper_finger_right_joint,-0.9900034845024952,1.5467085313467999,0.08996553025009954,-0.602487665608723,0.7800073320002302,-0.7799223621971051,0.09001576347536869,9.735357320615526e-05,-0.0299312980655099,0.015069294877632198,-0.054916089237425365,0.05491818590754505
1649767640042584325,277,1649767640042059421,,duarolower_joint1,duarolower_joint2,duarolower_joint3,duarolower_joint4,duaroupper_joint1,duaroupper_joint2,duaroupper_joint3,duaroupper_joint4,lower_gripper_finger_left_joint,lower_gripper_finger_right_joint,upper_gripper_finger_left_joint,upper_gripper_finger_right_joint,-0.9833217218446031,1.5223062137262768,0.08996935397032782,-0.5833165018787339,0.7800078295341298,-0.7799224458857438,0.0900171548213238,9.669484053664236e-05,-0.029933664800365533,0.015066088299016067,-0.05491590491315175,0.054919412841126954
1649767640142398544,278,1649767640142000198,,duarolower_joint1,duarolower_joint2,duarolower_joint3,duarolower_joint4,duaroupper_joint1,duaroupper_joint2,duaroupper_joint3,duaroupper_joint4,lower_gripper_finger_left_joint,lower_gripper_finger_right_joint,upper_gripper_finger_left_joint,upper_gripper_finger_right_joint,-0.9758515478672521,1.4950245565634663,0.0899736288685558,-0.5618832460533202,0.7800083857742988,-0.7799225394491824,0.09001871033846495,9.595838102771112e-05,-0.029936310796943838,0.015062503361723172,-0.05491569883962555,0.05492078454613726
1649767640242304046,279,1649767640241951942,,duarolower_joint1,duarolower_joint2,duarolower_joint3,duarolower_joint4,duaroupper_joint1,duaroupper_joint2,duaroupper_joint3,duaroupper_joint4,lower_gripper_finger_left_joint,lower_gripper_finger_right_joint,upper_gripper_finger_left_joint,upper_gripper_finger_right_joint,-0.9598092236397178,1.4364367390645432,0.08998280928438292,-0.5158549687674799,0.7800095803094149,-0.7799227403782405,0.09002205083768161,9.437682184869518e-05,-0.029941993119088253,0.015054804648605861,-0.054915256293262896,0.054923730305712154
1649767640342848804,280,1649767640342018127,,duarolower_joint1,duarolower_joint2,duarolower_joint3,duarolower_joint4,duaroupper_joint1,duaroupper_joint2,duaroupper_joint3,duaroupper_joint4,lower_gripper_finger_left_joint,lower_gripper_finger_right_joint,upper_gripper_finger_left_joint,upper_gripper_finger_right_joint,-0.9435853007888613,1.3771857092498512,0.08999209362223855,-0.4693056527798625,0.7800107883666323,-0.7799229435818092,0.090025429151248,9.277735946777791e-05,-0.029947739764946867,0.015047018786289744,-0.05491480873728885,0.05492670941119602
1649767640442367036,281,1649767640441986560,,duarolower_joint1,duarolower_joint2,duarolower_joint3,duarolower_joint4,duaroupper_joint1,duaroupper_joint2,duaroupper_joint3,duaroupper_joint4,lower_gripper_finger_left_joint,lower_gripper_finger_right_joint,upper_gripper_finger_left_joint,upper_gripper_finger_right_joint,-0.9226077972390325,1.3005742325006824,0.09000409825466404,-0.40911746954273714,0.7800123503824776,-0.7799232063236643,0.09002979730471392,9.070925743832713e-05,-0.02995517016787758,0.015036951680086376,-0.05491423004820603,0.05493056138931732
1649767640542640461,282,1649767640541988134,,duarolower_joint1,duarolower_joint2,duarolower_joint3,duarolower_joint4,duaroupper_joint1,duaroupper_joint2,duaroupper_joint3,duaroupper_joint4,lower_gripper_finger_left_joint,lower_gripper_finger_right_joint,upper_gripper_finger_left_joint,upper_gripper_finger_right_joint,-0.8998112729556054,1.2173195503621157,0.09001714384390451,-0.34371019276734155,0.7800140478452888,-0.7799234918486346,0.09003454423355237,8.846182422860352e-05,-0.029963244882795073,0.015026011625637867,-0.054913601179299026,0.05493474738373619
1649767640642458801,283,1649767640641998291,,duarolower_joint1,duarolower_joint2,duarolower_joint3,duarolower_joint4,duaroupper_joint1,duaroupper_joint2,duaroupper_joint3,duaroupper_joint4,lower_gripper_finger_left_joint,lower_gripper_finger_right_joint,upper_gripper_finger_left_joint,upper_gripper_finger_right_joint,-0.87551734625803,1.1285962379852952,0.09003104633995146,-0.274006602530795,0.7800158568068917,-0.779923796128472,0.09003960296705954,8.606676711481294e-05,-0.029971849989866246,0.015014352967610212,-0.05491293100278706,0.054939208337533525
1649767640742566284,284,1649767640742011785,,duarolower_joint1,duarolower_joint2,duarolower_joint3,duarolower_joint4,duaroupper_joint1,duaroupper_joint2,duaroupper_joint3,duaroupper_joint4,lower_gripper_finger_left_joint,lower_gripper_finger_right_joint,upper_gripper_finger_left_joint,upper_gripper_finger_right_joint,-0.854480008382586,1.0517662416189186,0.09004308521330004,-0.2136467439870511,0.780017423278089,-0.779924059619748,0.0900439835798496,8.399276621899123e-05,-0.029979301586603332,0.015004257146907564,-0.05491235066310406,0.05494307130268732
1649767640842481912,285,1649767640841985702,,duarolower_joint1,duarolower_joint2,duarolower_joint3,duarolower_joint4,duaroupper_joint1,duaroupper_joint2,duaroupper_joint3,duaroupper_joint4,lower_gripper_finger_left_joint,lower_gripper_finger_right_joint,upper_gripper_finger_left_joint,upper_gripper_finger_right_joint,-0.836348995536932,0.9855503706138556,0.09005346090668019,-0.16162564810990088,0.7800187733400393,-0.7799242867094938,0.09004775900748398,8.220529020340969e-05,-0.02998572373929968,0.014995556071898411,-0.05491185049781178,0.054946400596119806
1649767640942586881,286,1649767640941946983,,duarolower_joint1,duarolower_joint2,duarolower_joint3,duarolower_joint4,duaroupper_joint1,duaroupper_joint2,duaroupper_joint3,duaroupper_joint4,lower_gripper_finger_left_joint,lower_gripper_finger_right_joint,upper_gripper_finger_left_joint,upper_gripper_finger_right_joint,-0.8202695029059566,0.9268268112107894,0.09006266259257979,-0.11549072807357202,0.7800199706427696,-0.7799244881040835,0.09005110724629128,8.062006671560671e-05,-0.02999141922679588,0.014987839521660305,-0.054911406926115056,0.05494935318071449
1649767641042702674,287,1649767641042017698,,duarolower_joint1,duarolower_joint2,duarolower_joint3,duarolower_joint4,duaroupper_joint1,duaroupper_joint2,duaroupper_joint3,duaroupper_joint4,lower_gripper_finger_left_joint,lower_gripper_finger_right_joint,upper_gripper_finger_left_joint,upper_gripper_finger_right_joint,-0.809304662213264,0.8867823590293755,0.09006893735648615,-0.08403065279769126,0.7800207871009751,-0.7799246254379936,0.09005339045919893,7.953907968417573e-05,-0.02999530306284073,0.014982577493435918,-0.05491110444810147,0.05495136659124027
1649767641142803103,288,1649767641142097473,,duarolower_joint1,duarolower_joint2,duarolower_joint3,duarolower_joint4,duaroupper_joint1,duaroupper_joint2,duaroupper_joint3,duaroupper_joint4,lower_gripper_finger_left_joint,lower_gripper_finger_right_joint,upper_gripper_finger_left_joint,upper_gripper_finger_right_joint,-0.8026571210104987,0.8625050208282358,0.09007274149306908,-0.06495767650010648,0.7800212820866947,-0.7799247086980108,0.09005477467920754,7.888372079365565e-05,-0.029997657676177715,0.014979387337699773,-0.0549109210678669,0.05495258724093353
1649767641242568224,289,1649767641242038011,,duarolower_joint1,duarolower_joint2,duarolower_joint3,duarolower_joint4,duaroupper_joint1,duaroupper_joint2,duaroupper_joint3,duaroupper_joint4,lower_gripper_finger_left_joint,lower_gripper_finger_right_joint,upper_gripper_finger_left_joint,upper_gripper_finger_right_joint,-0.7960097144815608,0.8382281744664025,0.09007654555258328,-0.04588508660565037,0.7800217770623863,-0.7799247919563412,0.09005615887117299,7.822837518017853e-05,-0.03000001224181213,0.01497619724659361,-0.054910737691347467,0.05495380786589741
1649767641342531065,290,1649767641342007637,,duarolower_joint1,duarolower_joint2,duarolower_joint3,duarolower_joint4,duaroupper_joint1,duaroupper_joint2,duaroupper_joint3,duaroupper_joint4,lower_gripper_finger_left_joint,lower_gripper_finger_right_joint,upper_gripper_finger_left_joint,upper_gripper_finger_right_joint,-0.7893623357382397,0.8139514295798064,0.09008034959619682,-0.02681257643306384,0.780022272036009,-0.7799248752143236,0.09005754305735261,7.757303230599261e-05,-0.03000236679760465,0.014973007168821769,-0.05491055431559453,0.05495502848575918
1649767641442645741,291,1649767641442017555,,duarolower_joint1,duarolower_joint2,duarolower_joint3,duarolower_joint4,duaroupper_joint1,duaroupper_joint2,duaroupper_joint3,duaroupper_joint4,lower_gripper_finger_left_joint,lower_gripper_finger_right_joint,upper_gripper_finger_left_joint,upper_gripper_finger_right_joint,-0.7827131371699563,0.7896680385507143,0.0900841546812274,-0.0077348448594636715,0.7800227671451385,-0.7799249584950992,0.09005892762247508,7.691751002134017e-05,-0.030004721997994026,0.014969816217715735,-0.05491037088963959,0.05495624943978492
1649767641542547611,292,1649767641542016506,,duarolower_joint1,duarolower_joint2,duarolower_joint3,duarolower_joint4,duaroupper_joint1,duaroupper_joint2,duaroupper_joint3,duaroupper_joint4,lower_gripper_finger_left_joint,lower_gripper_finger_right_joint,upper_gripper_finger_left_joint,upper_gripper_finger_right_joint,-0.7800504628386814,0.779943744516559,0.09008567842910997,-9.515931867063045e-05,0.7800229654117953,-0.7799249918449205,0.09005948207215406,7.665500584989785e-05,-0.030005665138969198,0.014968538400018588,-0.054910297436639666,0.05495673837133218
1649767641642781715,293,1649767641642049551,,duarolower_joint1,duarolower_joint2,duarolower_joint3,duarolower_joint4,duaroupper_joint1,duaroupper_joint2,duaroupper_joint3,duaroupper_joint4,lower_gripper_finger_left_joint,lower_gripper_finger_right_joint,upper_gripper_finger_left_joint,upper_gripper_finger_right_joint,-0.7800504628386814,0.779943744516559,0.09008567842910997,-9.515931867063045e-05,0.7800229654117953,-0.7799249918449205,0.09005948207215406,7.665500584989785e-05,-0.030005665138969198,0.014968538400018588,-0.054910297436639666,0.05495673837133218
1649767641742685331,294,1649767641742041826,,duarolower_joint1,duarolower_joint2,duarolower_joint3,duarolower_joint4,duaroupper_joint1,duaroupper_joint2,duaroupper_joint3,duaroupper_joint4,lower_gripper_finger_left_joint,lower_gripper_finger_right_joint,upper_gripper_finger_left_joint,upper_gripper_finger_right_joint,-0.7800504628386814,0.779943744516559,0.09008567842910997,-9.515931867063045e-05,0.7800229654117953,-0.7799249918449205,0.09005948207215406,7.665500584989785e-05,-0.030005665138969198,0.014968538400018588,-0.054910297436639666,0.05495673837133218
1649767641842503113,295,1649767641842049598,,duarolower_joint1,duarolower_joint2,duarolower_joint3,duarolower_joint4,duaroupper_joint1,duaroupper_joint2,duaroupper_joint3,duaroupper_joint4,lower_gripper_finger_left_joint,lower_gripper_finger_right_joint,upper_gripper_finger_left_joint,upper_gripper_finger_right_joint,-0.7800504628386814,0.779943744516559,0.09008567842910997,-9.515931867063045e-05,0.7800229654117953,-0.7799249918449205,0.09005948207215406,7.665500584989785e-05,-0.030005665138969198,0.014968538400018588,-0.054910297436639666,0.05495673837133218
1649767641942883814,296,1649767641942084074,,duarolower_joint1,duarolower_joint2,duarolower_joint3,duarolower_joint4,duaroupper_joint1,duaroupper_joint2,duaroupper_joint3,duaroupper_joint4,lower_gripper_finger_left_joint,lower_gripper_finger_right_joint,upper_gripper_finger_left_joint,upper_gripper_finger_right_joint,-0.7800504628386814,0.779943744516559,0.09008567842910997,-9.515931867063045e-05,0.7800229654117953,-0.7799249918449205,0.09005948207215406,7.665500584989785e-05,-0.030005665138969198,0.014968538400018588,-0.054910297436639666,0.05495673837133218
1649767642042575462,297,1649767642042069435,,duarolower_joint1,duarolower_joint2,duarolower_joint3,duarolower_joint4,duaroupper_joint1,duaroupper_joint2,duaroupper_joint3,duaroupper_joint4,lower_gripper_finger_left_joint,lower_gripper_finger_right_joint,upper_gripper_finger_left_joint,upper_gripper_finger_right_joint,-0.7800504628386814,0.779943744516559,0.09008567842910997,-9.515931867063045e-05,0.7800229654117953,-0.7799249918449205,0.09005948207215406,7.665500584989785e-05,-0.030005665138969198,0.014968538400018588,-0.054910297436639666,0.05495673837133218
1649767642142599065,298,1649767642142044782,,duarolower_joint1,duarolower_joint2,duarolower_joint3,duarolower_joint4,duaroupper_joint1,duaroupper_joint2,duaroupper_joint3,duaroupper_joint4,lower_gripper_finger_left_joint,lower_gripper_finger_right_joint,upper_gripper_finger_left_joint,upper_gripper_finger_right_joint,-0.7800504628386814,0.779943744516559,0.09008567842910997,-9.515931867063045e-05,0.7800229654117953,-0.7799249918449205,0.09005948207215406,7.665500584989785e-05,-0.030005665138969198,0.014968538400018588,-0.054910297436639666,0.05495673837133218
1649767642242609328,299,1649767642242051362,,duarolower_joint1,duarolower_joint2,duarolower_joint3,duarolower_joint4,duaroupper_joint1,duaroupper_joint2,duaroupper_joint3,duaroupper_joint4,lower_gripper_finger_left_joint,lower_gripper_finger_right_joint,upper_gripper_finger_left_joint,upper_gripper_finger_right_joint,-0.7800504628386814,0.779943744516559,0.09008567842910997,-9.515931867063045e-05,0.7800229654117953,-0.7799249918449205,0.09005948207215406,7.665500584989785e-05,-0.030005665138969198,0.014968538400018588,-0.054910297436639666,0.05495673837133218
1649767642342573566,300,1649767642342038869,,duarolower_joint1,duarolower_joint2,duarolower_joint3,duarolower_joint4,duaroupper_joint1,duaroupper_joint2,duaroupper_joint3,duaroupper_joint4,lower_gripper_finger_left_joint,lower_gripper_finger_right_joint,upper_gripper_finger_left_joint,upper_gripper_finger_right_joint,-0.7800504628386814,0.779943744516559,0.09008567842910997,-9.515931867063045e-05,0.7800229654117953,-0.7799249918449205,0.09005948207215406,7.665500584989785e-05,-0.030005665138969198,0.014968538400018588,-0.054910297436639666,0.05495673837133218
1649767642442720788,301,1649767642442032098,,duarolower_joint1,duarolower_joint2,duarolower_joint3,duarolower_joint4,duaroupper_joint1,duaroupper_joint2,duaroupper_joint3,duaroupper_joint4,lower_gripper_finger_left_joint,lower_gripper_finger_right_joint,upper_gripper_finger_left_joint,upper_gripper_finger_right_joint,-0.7800504628386814,0.779943744516559,0.09008567842910997,-9.515931867063045e-05,0.7800229654117953,-0.7799249918449205,0.09005948207215406,7.665500584989785e-05,-0.030005665138969198,0.014968538400018588,-0.054910297436639666,0.05495673837133218
1649767642542719598,302,1649767642542057991,,duarolower_joint1,duarolower_joint2,duarolower_joint3,duarolower_joint4,duaroupper_joint1,duaroupper_joint2,duaroupper_joint3,duaroupper_joint4,lower_gripper_finger_left_joint,lower_gripper_finger_right_joint,upper_gripper_finger_left_joint,upper_gripper_finger_right_joint,-0.7800504628386814,0.779943744516559,0.09008567842910997,-9.515931867063045e-05,0.7800229654117953,-0.7799249918449205,0.09005948207215406,7.665500584989785e-05,-0.030005665138969198,0.014968538400018588,-0.054910297436639666,0.05495673837133218
1649767642643013696,303,1649767642642084836,,duarolower_joint1,duarolower_joint2,duarolower_joint3,duarolower_joint4,duaroupper_joint1,duaroupper_joint2,duaroupper_joint3,duaroupper_joint4,lower_gripper_finger_left_joint,lower_gripper_finger_right_joint,upper_gripper_finger_left_joint,upper_gripper_finger_right_joint,-0.7800504628386814,0.779943744516559,0.09008567842910997,-9.515931867063045e-05,0.7800229654117953,-0.7799249918449205,0.09005948207215406,7.665500584989785e-05,-0.030005665138969198,0.014968538400018588,-0.054910297436639666,0.05495673837133218
1649767642742743477,304,1649767642742140054,,duarolower_joint1,duarolower_joint2,duarolower_joint3,duarolower_joint4,duaroupper_joint1,duaroupper_joint2,duaroupper_joint3,duaroupper_joint4,lower_gripper_finger_left_joint,lower_gripper_finger_right_joint,upper_gripper_finger_left_joint,upper_gripper_finger_right_joint,-0.7800504628386814,0.779943744516559,0.09008567842910997,-9.515931867063045e-05,0.7800229654117953,-0.7799249918449205,0.09005948207215406,7.665500584989785e-05,-0.030005665138969198,0.014968538400018588,-0.054910297436639666,0.05495673837133218
1649767642842785309,305,1649767642842044830,,duarolower_joint1,duarolower_joint2,duarolower_joint3,duarolower_joint4,duaroupper_joint1,duaroupper_joint2,duaroupper_joint3,duaroupper_joint4,lower_gripper_finger_left_joint,lower_gripper_finger_right_joint,upper_gripper_finger_left_joint,upper_gripper_finger_right_joint,-0.7800504628386814,0.779943744516559,0.09008567842910997,-9.515931867063045e-05,0.7800229654117953,-0.7799249918449205,0.09005948207215406,7.665500584989785e-05,-0.030005665138969198,0.014968538400018588,-0.054910297436639666,0.05495673837133218
1649767642942426671,306,1649767642942023515,,duarolower_joint1,duarolower_joint2,duarolower_joint3,duarolower_joint4,duaroupper_joint1,duaroupper_joint2,duaroupper_joint3,duaroupper_joint4,lower_gripper_finger_left_joint,lower_gripper_finger_right_joint,upper_gripper_finger_left_joint,upper_gripper_finger_right_joint,-0.7800504628386814,0.779943744516559,0.09008567842910997,-9.515931867063045e-05,0.7800229654117953,-0.7799249918449205,0.09005948207215406,7.665500584989785e-05,-0.030005665138969198,0.014968538400018588,-0.054910297436639666,0.05495673837133218
1649767643042438820,307,1649767643042031764,,duarolower_joint1,duarolower_joint2,duarolower_joint3,duarolower_joint4,duaroupper_joint1,duaroupper_joint2,duaroupper_joint3,duaroupper_joint4,lower_gripper_finger_left_joint,lower_gripper_finger_right_joint,upper_gripper_finger_left_joint,upper_gripper_finger_right_joint,-0.7800504511447176,0.7799437560620514,0.0900856703433191,-9.514306292453918e-05,0.7800229576143496,-0.7799249999349518,0.09005948195401987,7.665721614637125e-05,-0.030008149997390283,0.014972525463074985,-0.05491029882307213,0.054956734853207484
1649767643142607833,308,1649767643142025947,,duarolower_joint1,duarolower_joint2,duarolower_joint3,duarolower_joint4,duaroupper_joint1,duaroupper_joint2,duaroupper_joint3,duaroupper_joint4,lower_gripper_finger_left_joint,lower_gripper_finger_right_joint,upper_gripper_finger_left_joint,upper_gripper_finger_right_joint,-0.7800099806314265,0.7799837127446247,0.09005768700836601,-3.888511669742063e-05,0.7799959721856314,-0.7799529979450738,0.09005907311481996,8.430661836069277e-05,-0.03860775721630827,0.028770968042785477,-0.05491509699367469,0.054944559314250754
1649767643242572769,309,1649767643242068052,,duarolower_joint1,duarolower_joint2,duarolower_joint3,duarolower_joint4,duaroupper_joint1,duaroupper_joint2,duaroupper_joint3,duaroupper_joint4,lower_gripper_finger_left_joint,lower_gripper_finger_right_joint,upper_gripper_finger_left_joint,upper_gripper_finger_right_joint,-0.7799695349741277,0.780023644886788,0.09002972086008788,1.7338277285023165e-05,0.7799690033306987,-0.7799809787595078,0.09005866452671901,9.195132250061503e-05,-0.04720208276832119,0.04256093595898408,-0.054919892217359066,0.05493239125321011
1649767643342626334,310,1649767643341998338,,duarolower_joint1,duarolower_joint2,duarolower_joint3,duarolower_joint4,duaroupper_joint1,duaroupper_joint2,duaroupper_joint3,duaroupper_joint4,lower_gripper_finger_left_joint,lower_gripper_finger_right_joint,upper_gripper_finger_left_joint,upper_gripper_finger_right_joint,-0.7799331851447467,0.7800595332033933,0.09000458677187562,6.78680724464357e-05,0.7799447655424941,-0.7800061260286719,0.09005829731528647,9.882186707109213e-05,-0.05492608302752487,0.05495442921386566,-0.05492420184104703,0.054921455420483836
1649767643442654686,311,1649767643442054033,,duarolower_joint1,duarolower_joint2,duarolower_joint3,duarolower_joint4,duaroupper_joint1,duaroupper_joint2,duaroupper_joint3,duaroupper_joint4,lower_gripper_finger_left_joint,lower_gripper_finger_right_joint,upper_gripper_finger_left_joint,upper_gripper_finger_right_joint,-0.7799331851447467,0.7800595332033933,0.09000458677187562,6.78680724464357e-05,0.7799447655424941,-0.7800061260286719,0.09005829731528647,9.882186707109213e-05,-0.05492608302752487,0.05495442921386566,-0.05492420184104703,0.054921455420483836
1649767643543068981,312,1649767643542111635,,duarolower_joint1,duarolower_joint2,duarolower_joint3,duarolower_joint4,duaroupper_joint1,duaroupper_joint2,duaroupper_joint3,duaroupper_joint4,lower_gripper_finger_left_joint,lower_gripper_finger_right_joint,upper_gripper_finger_left_joint,upper_gripper_finger_right_joint,-0.7799331851447467,0.7800595332033933,0.09000458677187562,6.78680724464357e-05,0.7799447655424941,-0.7800061260286719,0.09005829731528647,9.882186707109213e-05,-0.05492608302752487,0.05495442921386566,-0.05492420184104703,0.054921455420483836
1649767643642530921,313,1649767643642046451,,duarolower_joint1,duarolower_joint2,duarolower_joint3,duarolower_joint4,duaroupper_joint1,duaroupper_joint2,duaroupper_joint3,duaroupper_joint4,lower_gripper_finger_left_joint,lower_gripper_finger_right_joint,upper_gripper_finger_left_joint,upper_gripper_finger_right_joint,-0.7799331851447467,0.7800595332033933,0.09000458677187562,6.78680724464357e-05,0.7799447655424941,-0.7800061260286719,0.09005829731528647,9.882186707109213e-05,-0.05492608302752487,0.05495442921386566,-0.05492420184104703,0.054921455420483836
1649767643742494740,314,1649767643742005109,,duarolower_joint1,duarolower_joint2,duarolower_joint3,duarolower_joint4,duaroupper_joint1,duaroupper_joint2,duaroupper_joint3,duaroupper_joint4,lower_gripper_finger_left_joint,lower_gripper_finger_right_joint,upper_gripper_finger_left_joint,upper_gripper_finger_right_joint,-0.7799331851447467,0.7800595332033933,0.09000458677187562,6.78680724464357e-05,0.7799447655424941,-0.7800061260286719,0.09005829731528647,9.882186707109213e-05,-0.05492608302752487,0.05495442921386566,-0.05492420184104703,0.054921455420483836
1649767643842713131,315,1649767643842007398,,duarolower_joint1,duarolower_joint2,duarolower_joint3,duarolower_joint4,duaroupper_joint1,duaroupper_joint2,duaroupper_joint3,duaroupper_joint4,lower_gripper_finger_left_joint,lower_gripper_finger_right_joint,upper_gripper_finger_left_joint,upper_gripper_finger_right_joint,-0.7799331851447467,0.7800595332033933,0.09000458677187562,6.78680724464357e-05,0.7799447655424941,-0.7800061260286719,0.09005829731528647,9.882186707109213e-05,-0.05492608302752487,0.05495442921386566,-0.05492420184104703,0.054921455420483836
1649767643942814886,316,1649767643942287445,,duarolower_joint1,duarolower_joint2,duarolower_joint3,duarolower_joint4,duaroupper_joint1,duaroupper_joint2,duaroupper_joint3,duaroupper_joint4,lower_gripper_finger_left_joint,lower_gripper_finger_right_joint,upper_gripper_finger_left_joint,upper_gripper_finger_right_joint,-0.7799331851447467,0.7800595332033933,0.09000458677187562,6.78680724464357e-05,0.7799447655424941,-0.7800061260286719,0.09005829731528647,9.882186707109213e-05,-0.05492608302752487,0.05495442921386566,-0.05492420184104703,0.054921455420483836
1649767644042668705,317,1649767644042062759,,duarolower_joint1,duarolower_joint2,duarolower_joint3,duarolower_joint4,duaroupper_joint1,duaroupper_joint2,duaroupper_joint3,duaroupper_joint4,lower_gripper_finger_left_joint,lower_gripper_finger_right_joint,upper_gripper_finger_left_joint,upper_gripper_finger_right_joint,-0.7799331851447467,0.7800595332033933,0.09000458677187562,6.78680724464357e-05,0.7799447655424941,-0.7800061260286719,0.09005829731528647,9.882186707109213e-05,-0.05492608302752487,0.05495442921386566,-0.05492420184104703,0.054921455420483836
1649767644142567991,318,1649767644142042875,,duarolower_joint1,duarolower_joint2,duarolower_joint3,duarolower_joint4,duaroupper_joint1,duaroupper_joint2,duaroupper_joint3,duaroupper_joint4,lower_gripper_finger_left_joint,lower_gripper_finger_right_joint,upper_gripper_finger_left_joint,upper_gripper_finger_right_joint,-0.7799331851447467,0.7800595332033933,0.09000458677187562,6.78680724464357e-05,0.7799447655424941,-0.7800061260286719,0.09005829731528647,9.882186707109213e-05,-0.05492608302752487,0.05495442921386566,-0.05492420184104703,0.054921455420483836
1649767644242589778,319,1649767644242066621,,duarolower_joint1,duarolower_joint2,duarolower_joint3,duarolower_joint4,duaroupper_joint1,duaroupper_joint2,duaroupper_joint3,duaroupper_joint4,lower_gripper_finger_left_joint,lower_gripper_finger_right_joint,upper_gripper_finger_left_joint,upper_gripper_finger_right_joint,-0.7799331851447467,0.7800595332033933,0.09000458677187562,6.78680724464357e-05,0.7799447655424941,-0.7800061260286719,0.09005829731528647,9.882186707109213e-05,-0.05492608302752487,0.05495442921386566,-0.05492420184104703,0.054921455420483836
